,Time,Model_path,Loss,Validation Loss,Country,Features,Algorithm
0,20211019 20-36,Models\20211019 20-36LSTM,0.003613446,0.07362059,United States,P,LSTM
1,20211019 20-36,Models\20211019 20-36Attention,0.044889733,0.076664664,United States,P,Attention
2,20211019 20-36,Models\20211019 20-36C-LSTM,0.002614419,0.10883116,United States,P,C-LSTM
3,20211019 20-45,Models\20211019 20-45LSTM,0.002870308,0.121065997,United States,PC,LSTM
4,20211019 20-45,Models\20211019 20-45Attention,0.002138074,0.126239195,United States,PC,Attention
5,20211019 20-45,Models\20211019 20-45C-LSTM,0.002212347,0.127204359,United States,PC,C-LSTM
6,20211019 20-57,Models\20211019 20-57LSTM,0.003928629,0.07506761,United States,PCS,LSTM
7,20211019 20-57,Models\20211019 20-57Attention,0.002324021,0.115212172,United States,PCS,Attention
8,20211019 20-57,Models\20211019 20-57C-LSTM,0.002366764,0.117079139,United States,PCS,C-LSTM
9,20211019 21-12,Models\20211019 21-12LSTM,0.004386381,0.057766084,United States,P,LSTM
10,20211019 21-12,Models\20211019 21-12Attention,0.002431938,0.082132488,United States,P,Attention
11,20211019 21-12,Models\20211019 21-12C-LSTM,0.002354841,0.097939372,United States,P,C-LSTM
12,20211019 21-22,Models\20211019 21-22LSTM,0.003973998,0.044096351,United States,PC,LSTM
13,20211019 21-22,Models\20211019 21-22Attention,0.002430652,0.138076961,United States,PC,Attention
14,20211019 21-22,Models\20211019 21-22C-LSTM,0.002863456,0.139507875,United States,PC,C-LSTM
15,20211019 21-37,Models\20211019 21-37LSTM,0.004063638,0.042948883,United States,PCS,LSTM
16,20211019 21-37,Models\20211019 21-37Attention,0.045096684,0.083780125,United States,PCS,Attention
17,20211019 21-37,Models\20211019 21-37C-LSTM,0.002343235,0.103149794,United States,PCS,C-LSTM
18,20211019 21-55,Models\20211019 21-55LSTM,0.004492627,0.094093084,United States,P,LSTM
19,20211019 21-55,Models\20211019 21-55Attention,0.002763656,0.086995371,United States,P,Attention
20,20211019 21-55,Models\20211019 21-55C-LSTM,0.002551973,0.081253201,United States,P,C-LSTM
21,20211019 22-05,Models\20211019 22-05LSTM,0.004822774,0.08326897,United States,PC,LSTM
22,20211019 22-05,Models\20211019 22-05Attention,0.002428911,0.057205252,United States,PC,Attention
23,20211019 22-05,Models\20211019 22-05C-LSTM,0.002469832,0.06838797,United States,PC,C-LSTM
24,20211019 22-14,Models\20211019 22-14LSTM,0.007317212,0.094726436,United States,PCS,LSTM
25,20211019 22-14,Models\20211019 22-14Attention,0.002180269,0.124188498,United States,PCS,Attention
26,20211019 22-14,Models\20211019 22-14C-LSTM,0.00218138,0.114470243,United States,PCS,C-LSTM
27,20211019 22-43,Models\20211019 22-43LSTM,0.003832148,0.056494046,United States,P,LSTM
28,20211019 22-43,Models\20211019 22-43Attention,0.00268869,0.077774651,United States,P,Attention
29,20211019 22-43,Models\20211019 22-43C-LSTM,0.002762848,0.116274111,United States,P,C-LSTM
30,20211019 22-52,Models\20211019 22-52LSTM,0.003904809,0.094446555,United States,PC,LSTM
31,20211019 22-52,Models\20211019 22-52Attention,0.003346995,0.103922464,United States,PC,Attention
32,20211019 22-52,Models\20211019 22-52C-LSTM,0.002622349,0.097942963,United States,PC,C-LSTM
33,20211019 23-04,Models\20211019 23-04LSTM,0.003996386,0.110273831,United States,PCS,LSTM
34,20211019 23-04,Models\20211019 23-04Attention,0.045094125,0.083762832,United States,PCS,Attention
35,20211019 23-04,Models\20211019 23-04C-LSTM,0.002408623,0.109198123,United States,PCS,C-LSTM
36,20211019 23-55,Models\20211019 23-55LSTM,0.006190228,0.051337451,United States,P,LSTM
37,20211019 23-55,Models\20211019 23-55Attention,0.004416106,0.038455099,United States,P,Attention
38,20211019 23-55,Models\20211019 23-55C-LSTM,0.00260622,0.107380621,United States,P,C-LSTM
39,20211020 00-01,Models\20211020 00-01LSTM,0.007069823,0.089431576,United States,PC,LSTM
40,20211020 00-01,Models\20211020 00-01Attention,0.003036104,0.098615766,United States,PC,Attention
41,20211020 00-01,Models\20211020 00-01C-LSTM,0.002516648,0.121655509,United States,PC,C-LSTM
42,20211020 00-07,Models\20211020 00-07LSTM,0.004618505,0.076526612,United States,PCS,LSTM
43,20211020 00-07,Models\20211020 00-07Attention,0.002867315,0.098510958,United States,PCS,Attention
44,20211020 00-07,Models\20211020 00-07C-LSTM,0.005053276,0.071476929,United States,PCS,C-LSTM
45,20211020 00-48,Models\20211020 00-48LSTM,0.004214732,0.046163984,United States,P,LSTM
46,20211020 00-48,Models\20211020 00-48Attention,0.003086972,0.042426288,United States,P,Attention
47,20211020 00-48,Models\20211020 00-48C-LSTM,0.003756048,0.071840629,United States,P,C-LSTM
48,20211020 00-53,Models\20211020 00-53LSTM,0.004914011,0.108305939,United States,PC,LSTM
49,20211020 00-53,Models\20211020 00-53Attention,0.003764329,0.049862798,United States,PC,Attention
50,20211020 00-53,Models\20211020 00-53C-LSTM,0.003202093,0.126673028,United States,PC,C-LSTM
51,20211020 00-59,Models\20211020 00-59LSTM,0.003855769,0.082424246,United States,PCS,LSTM
52,20211020 00-59,Models\20211020 00-59Attention,0.045290969,0.074645311,United States,PCS,Attention
53,20211020 00-59,Models\20211020 00-59C-LSTM,0.00224306,0.127009004,United States,PCS,C-LSTM
54,20211020 03-30,Models\20211020 03-30LSTM,0.005148513,0.052327644,United States,P,LSTM
55,20211020 03-30,Models\20211020 03-30Attention,0.00284044,0.061841626,United States,P,Attention
56,20211020 03-30,Models\20211020 03-30C-LSTM,0.00286494,0.088901408,United States,P,C-LSTM
57,20211020 03-35,Models\20211020 03-35LSTM,0.00563459,0.062837787,United States,PC,LSTM
58,20211020 03-35,Models\20211020 03-35Attention,0.002671355,0.11431507,United States,PC,Attention
59,20211020 03-35,Models\20211020 03-35C-LSTM,0.003197743,0.092679299,United States,PC,C-LSTM
60,20211020 03-39,Models\20211020 03-39LSTM,0.004000362,0.103307746,United States,PCS,LSTM
61,20211020 03-39,Models\20211020 03-39Attention,0.002487371,0.109292395,United States,PCS,Attention
62,20211020 03-39,Models\20211020 03-39C-LSTM,0.003416276,0.079402976,United States,PCS,C-LSTM
63,20211020 04-21,Models\20211020 04-21LSTM,0.003931168,0.048644517,United States,P,LSTM
64,20211020 04-21,Models\20211020 04-21Attention,0.003642939,0.056059804,United States,P,Attention
65,20211020 04-21,Models\20211020 04-21C-LSTM,0.002609381,0.101735845,United States,P,C-LSTM
66,20211020 04-26,Models\20211020 04-26LSTM,0.004489732,0.087705396,United States,PC,LSTM
67,20211020 04-26,Models\20211020 04-26Attention,0.003212362,0.110662155,United States,PC,Attention
68,20211020 04-26,Models\20211020 04-26C-LSTM,0.045302421,0.074457943,United States,PC,C-LSTM
69,20211020 04-31,Models\20211020 04-31LSTM,0.005000385,0.055957213,United States,PCS,LSTM
70,20211020 04-31,Models\20211020 04-31Attention,0.002876693,0.078435227,United States,PCS,Attention
71,20211020 04-31,Models\20211020 04-31C-LSTM,0.003012447,0.116817012,United States,PCS,C-LSTM
72,20211020 05-12,Models\20211020 05-12LSTM,0.003321822,0.129566744,United States,P,LSTM
73,20211020 05-12,Models\20211020 05-12Attention,0.045415334,0.074195743,United States,P,Attention
74,20211020 05-12,Models\20211020 05-12C-LSTM,0.003298868,0.099000335,United States,P,C-LSTM
75,20211020 05-16,Models\20211020 05-16LSTM,0.002325279,0.09538909,United States,PC,LSTM
76,20211020 05-16,Models\20211020 05-16Attention,0.002496503,0.114972353,United States,PC,Attention
77,20211020 05-16,Models\20211020 05-16C-LSTM,0.002742802,0.128416583,United States,PC,C-LSTM
78,20211020 05-20,Models\20211020 05-20LSTM,0.045343675,0.074435614,United States,PCS,LSTM
79,20211020 05-20,Models\20211020 05-20Attention,0.003392922,0.062888801,United States,PCS,Attention
80,20211020 05-20,Models\20211020 05-20C-LSTM,0.003382485,0.107927054,United States,PCS,C-LSTM
81,20211020 05-47,Models\20211020 05-47LSTM,0.003793248,0.055454951,United States,P,LSTM
82,20211020 05-47,Models\20211020 05-47Attention,0.00247395,0.049629815,United States,P,Attention
83,20211020 05-47,Models\20211020 05-47C-LSTM,0.003793743,0.043081611,United States,P,C-LSTM
84,20211020 05-51,Models\20211020 05-51LSTM,0.045388501,0.074280456,United States,PC,LSTM
85,20211020 05-51,Models\20211020 05-51Attention,0.003177111,0.081771567,United States,PC,Attention
86,20211020 05-51,Models\20211020 05-51C-LSTM,0.003156864,0.097102106,United States,PC,C-LSTM
87,20211020 05-56,Models\20211020 05-56LSTM,0.005947015,0.03615221,United States,PCS,LSTM
88,20211020 05-56,Models\20211020 05-56Attention,0.002469445,0.086952299,United States,PCS,Attention
89,20211020 05-56,Models\20211020 05-56C-LSTM,0.004030046,0.081048131,United States,PCS,C-LSTM
90,20211020 15-34,Models\20211020 15-34LSTM,0.003505534,0.090230972,United States,P,LSTM
91,20211020 15-34,Models\20211020 15-34Attention,0.00341456,0.044146571,United States,P,Attention
92,20211020 15-34,Models\20211020 15-34C-LSTM,0.00428457,0.048962701,United States,P,C-LSTM
93,20211020 15-39,Models\20211020 15-39LSTM,0.004041405,0.04076831,United States,PC,LSTM
94,20211020 15-39,Models\20211020 15-39Attention,0.002853708,0.100917101,United States,PC,Attention
95,20211020 15-39,Models\20211020 15-39C-LSTM,0.005993535,0.082980797,United States,PC,C-LSTM
96,20211020 15-42,Models\20211020 15-42LSTM,0.003500381,0.072241835,United States,PCS,LSTM
97,20211020 15-42,Models\20211020 15-42Attention,0.002640473,0.082697302,United States,PCS,Attention
98,20211020 15-42,Models\20211020 15-42C-LSTM,0.002854299,0.093375638,United States,PCS,C-LSTM
99,20211020 16-48,Models\20211020 16-48LSTM,0.003775456,0.090678684,United States,P,LSTM
100,20211020 16-48,Models\20211020 16-48Attention,0.003265661,0.03970103,United States,P,Attention
101,20211020 16-48,Models\20211020 16-48C-LSTM,0.013382078,0.052827388,United States,P,C-LSTM
102,20211020 16-52,Models\20211020 16-52LSTM,0.002370958,0.052641038,United States,PC,LSTM
103,20211020 16-52,Models\20211020 16-52Attention,0.003568822,0.119348995,United States,PC,Attention
104,20211020 16-52,Models\20211020 16-52C-LSTM,0.004976525,0.094289854,United States,PC,C-LSTM
105,20211020 16-55,Models\20211020 16-55LSTM,0.003336418,0.081091255,United States,PCS,LSTM
106,20211020 16-55,Models\20211020 16-55Attention,0.00239084,0.078219257,United States,PCS,Attention
107,20211020 16-55,Models\20211020 16-55C-LSTM,0.003184692,0.097400784,United States,PCS,C-LSTM
108,20211020 22-22,Models\20211020 22-22LSTM,0.003747573,0.027625291,United States,P,LSTM
109,20211020 22-22,Models\20211020 22-22Attention,0.034653533,0.087730475,United States,P,Attention
110,20211020 22-22,Models\20211020 22-22C-LSTM,0.004893305,0.044036023,United States,P,C-LSTM
111,20211020 22-26,Models\20211020 22-26LSTM,0.003352482,0.097003959,United States,PC,LSTM
112,20211020 22-26,Models\20211020 22-26Attention,0.003366456,0.101143479,United States,PC,Attention
113,20211020 22-26,Models\20211020 22-26C-LSTM,0.004367949,0.060244028,United States,PC,C-LSTM
114,20211020 22-29,Models\20211020 22-29LSTM,0.003980995,0.064799652,United States,PCS,LSTM
115,20211020 22-29,Models\20211020 22-29Attention,0.002397729,0.092607364,United States,PCS,Attention
116,20211020 22-29,Models\20211020 22-29C-LSTM,0.045290112,0.074625753,United States,PCS,C-LSTM
117,20211020 22-38,Models\20211020 22-38LSTM,0.003593548,0.040457424,United States,P,LSTM
118,20211020 22-38,Models\20211020 22-38Attention,0.004500807,0.055467434,United States,P,Attention
119,20211020 22-38,Models\20211020 22-38C-LSTM,0.007021036,0.066605009,United States,P,C-LSTM
120,20211020 22-41,Models\20211020 22-41LSTM,0.004161141,0.054425925,United States,PC,LSTM
121,20211020 22-41,Models\20211020 22-41Attention,0.003334299,0.128166184,United States,PC,Attention
122,20211020 22-41,Models\20211020 22-41C-LSTM,0.004807657,0.089380831,United States,PC,C-LSTM
123,20211020 22-44,Models\20211020 22-44LSTM,0.0031824,0.059499655,United States,PCS,LSTM
124,20211020 22-44,Models\20211020 22-44Attention,0.003238857,0.094109021,United States,PCS,Attention
125,20211020 22-44,Models\20211020 22-44C-LSTM,0.004850339,0.075462222,United States,PCS,C-LSTM
126,20211020 23-02,Models\20211020 23-02LSTM,0.003760418,0.088807479,United States,P,LSTM
127,20211020 23-02,Models\20211020 23-02Attention,0.004212031,0.051592238,United States,P,Attention
128,20211020 23-02,Models\20211020 23-02C-LSTM,0.005871502,0.059033331,United States,P,C-LSTM
129,20211020 23-05,Models\20211020 23-05LSTM,0.004059386,0.050670061,United States,PC,LSTM
130,20211020 23-05,Models\20211020 23-05Attention,0.004042934,0.096864089,United States,PC,Attention
131,20211020 23-05,Models\20211020 23-05C-LSTM,0.004613881,0.091705456,United States,PC,C-LSTM
132,20211020 23-08,Models\20211020 23-08LSTM,0.003225318,0.081690982,United States,PCS,LSTM
133,20211020 23-08,Models\20211020 23-08Attention,0.003962847,0.076753817,United States,PCS,Attention
134,20211020 23-08,Models\20211020 23-08C-LSTM,0.003200975,0.108294904,United States,PCS,C-LSTM
135,20211020 23-16,Models\20211020 23-16LSTM,0.045339208,0.07444682,United States,P,LSTM
136,20211020 23-16,Models\20211020 23-16Attention,0.004169278,0.046811879,United States,P,Attention
137,20211020 23-16,Models\20211020 23-16C-LSTM,0.003953151,0.048337366,United States,P,C-LSTM
138,20211020 23-20,Models\20211020 23-20LSTM,0.003841262,0.04706737,United States,PC,LSTM
139,20211020 23-20,Models\20211020 23-20Attention,0.005672978,0.08947359,United States,PC,Attention
140,20211020 23-20,Models\20211020 23-20C-LSTM,0.004426484,0.072668485,United States,PC,C-LSTM
141,20211020 23-23,Models\20211020 23-23LSTM,0.004720106,0.061007176,United States,PCS,LSTM
142,20211020 23-23,Models\20211020 23-23Attention,0.003517342,0.084319718,United States,PCS,Attention
143,20211020 23-23,Models\20211020 23-23C-LSTM,0.003816941,0.082864583,United States,PCS,C-LSTM
144,20211020 23-44,Models\20211020 23-44LSTM,0.004227765,0.03888087,United States,P,LSTM
145,20211020 23-44,Models\20211020 23-44Attention,0.001806206,0.13667585,United States,P,Attention
146,20211020 23-44,Models\20211020 23-44C-LSTM,0.004382737,0.064691633,United States,P,C-LSTM
147,20211020 23-47,Models\20211020 23-47LSTM,0.004404689,0.119620129,United States,PC,LSTM
148,20211020 23-47,Models\20211020 23-47Attention,0.001874309,0.136145905,United States,PC,Attention
149,20211020 23-47,Models\20211020 23-47C-LSTM,0.004392953,0.054175299,United States,PC,C-LSTM
150,20211020 23-49,Models\20211020 23-49LSTM,0.003624622,0.040567335,United States,PCS,LSTM
151,20211020 23-49,Models\20211020 23-49Attention,0.001931297,0.118692353,United States,PCS,Attention
152,20211020 23-49,Models\20211020 23-49C-LSTM,0.003061868,0.078977548,United States,PCS,C-LSTM
153,20211021 02-00,Models\20211021 02-00LSTM,0.003620248,0.08375413,United States,P,LSTM
154,20211021 02-00,Models\20211021 02-00Attention,0.002232918,0.118913397,United States,P,Attention
155,20211021 02-00,Models\20211021 02-00C-LSTM,0.005355034,0.075645946,United States,P,C-LSTM
156,20211021 02-03,Models\20211021 02-03LSTM,0.045379676,0.074298978,United States,PC,LSTM
157,20211021 02-03,Models\20211021 02-03Attention,0.002112255,0.126236916,United States,PC,Attention
158,20211021 02-03,Models\20211021 02-03C-LSTM,0.004097076,0.109370574,United States,PC,C-LSTM
159,20211021 02-05,Models\20211021 02-05LSTM,0.003174845,0.164520383,United States,PCS,LSTM
160,20211021 02-05,Models\20211021 02-05Attention,0.00193248,0.103052154,United States,PCS,Attention
161,20211021 02-05,Models\20211021 02-05C-LSTM,0.00741713,0.057941899,United States,PCS,C-LSTM
162,20211021 02-10,Models\20211021 02-10LSTM,0.003213595,0.071274191,United States,P,LSTM
163,20211021 02-10,Models\20211021 02-10Attention,0.002296668,0.065221056,United States,P,Attention
164,20211021 02-10,Models\20211021 02-10C-LSTM,0.003440863,0.060292527,United States,P,C-LSTM
165,20211021 02-13,Models\20211021 02-13LSTM,0.003974532,0.054860227,United States,PC,LSTM
166,20211021 02-13,Models\20211021 02-13Attention,0.002902795,0.127790838,United States,PC,Attention
167,20211021 02-13,Models\20211021 02-13C-LSTM,0.005643362,0.103568405,United States,PC,C-LSTM
168,20211021 02-16,Models\20211021 02-16LSTM,0.002807178,0.124882005,United States,PCS,LSTM
169,20211021 02-16,Models\20211021 02-16Attention,0.002395568,0.110635348,United States,PCS,Attention
170,20211021 02-16,Models\20211021 02-16C-LSTM,0.003831005,0.070772186,United States,PCS,C-LSTM
171,20211021 02-26,Models\20211021 02-26LSTM,0.003554094,0.097803451,United States,P,LSTM
172,20211021 02-26,Models\20211021 02-26Attention,0.002719124,0.128127903,United States,P,Attention
173,20211021 02-26,Models\20211021 02-26C-LSTM,0.028418371,0.150423214,United States,P,C-LSTM
174,20211021 02-30,Models\20211021 02-30LSTM,0.003302002,0.094758831,United States,PC,LSTM
175,20211021 02-30,Models\20211021 02-30Attention,0.002369175,0.134372145,United States,PC,Attention
176,20211021 02-30,Models\20211021 02-30C-LSTM,0.299257845,0.074433655,United States,PC,C-LSTM
177,20211021 02-33,Models\20211021 02-33LSTM,0.045295395,0.074608967,United States,PCS,LSTM
178,20211021 02-33,Models\20211021 02-33Attention,0.00219718,0.123449266,United States,PCS,Attention
179,20211021 02-33,Models\20211021 02-33C-LSTM,0.028117679,0.162483275,United States,PCS,C-LSTM
180,20211021 03-09,Models\20211021 03-09LSTM,0.003649595,0.031377967,United States,P,LSTM
181,20211021 03-09,Models\20211021 03-09Attention,0.002904799,0.075045906,United States,P,Attention
182,20211021 03-09,Models\20211021 03-09C-LSTM,0.011427813,0.138188198,United States,P,C-LSTM
183,20211021 03-12,Models\20211021 03-12LSTM,0.00332732,0.108799338,United States,PC,LSTM
184,20211021 03-12,Models\20211021 03-12Attention,0.002777978,0.120231591,United States,PC,Attention
185,20211021 03-12,Models\20211021 03-12C-LSTM,0.008302866,0.116361536,United States,PC,C-LSTM
186,20211021 03-15,Models\20211021 03-15LSTM,0.003837913,0.085766889,United States,PCS,LSTM
187,20211021 03-15,Models\20211021 03-15Attention,0.001993844,0.093834504,United States,PCS,Attention
188,20211021 03-15,Models\20211021 03-15C-LSTM,0.045229111,0.074850306,United States,PCS,C-LSTM
189,20211021 03-21,Models\20211021 03-21LSTM,0.003666822,0.076555967,United States,P,LSTM
190,20211021 03-21,Models\20211021 03-21Attention,0.002573221,0.092275985,United States,P,Attention
191,20211021 03-21,Models\20211021 03-21C-LSTM,1.637590528,0.158972576,United States,P,C-LSTM
192,20211021 03-24,Models\20211021 03-24LSTM,0.003189373,0.045107994,United States,PC,LSTM
193,20211021 03-24,Models\20211021 03-24Attention,0.002618156,0.136183307,United States,PC,Attention
194,20211021 03-24,Models\20211021 03-24C-LSTM,0.005917215,0.137379676,United States,PC,C-LSTM
195,20211021 03-27,Models\20211021 03-27LSTM,0.002849059,0.05883136,United States,PCS,LSTM
196,20211021 03-27,Models\20211021 03-27Attention,0.002397406,0.140591174,United States,PCS,Attention
197,20211021 03-27,Models\20211021 03-27C-LSTM,0.003815996,0.11961554,United States,PCS,C-LSTM
198,20211021 03-30,Models\20211021 03-30LSTM,0.003817133,0.041906279,United States,P,LSTM
199,20211021 03-30,Models\20211021 03-30Attention,0.002849557,0.064706177,United States,P,Attention
200,20211021 03-30,Models\20211021 03-30C-LSTM,0.007494219,0.042989139,United States,P,C-LSTM
201,20211021 03-33,Models\20211021 03-33LSTM,0.00370363,0.085496359,United States,PC,LSTM
202,20211021 03-33,Models\20211021 03-33Attention,0.002343908,0.153423399,United States,PC,Attention
203,20211021 03-33,Models\20211021 03-33C-LSTM,0.010604364,0.046647813,United States,PC,C-LSTM
204,20211021 03-36,Models\20211021 03-36LSTM,0.045432705,0.074107774,United States,PCS,LSTM
205,20211021 03-36,Models\20211021 03-36Attention,0.001977246,0.083928466,United States,PCS,Attention
206,20211021 03-36,Models\20211021 03-36C-LSTM,0.00493446,0.099598438,United States,PCS,C-LSTM
207,20211021 03-46,Models\20211021 03-46LSTM,0.003856572,0.028102316,United States,P,LSTM
208,20211021 03-46,Models\20211021 03-46Attention,0.002298068,0.142317414,United States,P,Attention
209,20211021 03-46,Models\20211021 03-46C-LSTM,0.01061748,0.155025631,United States,P,C-LSTM
210,20211021 03-48,Models\20211021 03-48LSTM,0.003773477,0.047451388,United States,PC,LSTM
211,20211021 03-48,Models\20211021 03-48Attention,0.001888426,0.131680116,United States,PC,Attention
212,20211021 03-48,Models\20211021 03-48C-LSTM,0.003656475,0.051259335,United States,PC,C-LSTM
213,20211021 03-51,Models\20211021 03-51LSTM,0.002864276,0.061364457,United States,PCS,LSTM
214,20211021 03-51,Models\20211021 03-51Attention,0.001979685,0.110414565,United States,PCS,Attention
215,20211021 03-51,Models\20211021 03-51C-LSTM,0.004052705,0.100833014,United States,PCS,C-LSTM
216,20211021 04-25,Models\20211021 04-25LSTM,0.003160876,0.048960939,United States,P,LSTM
217,20211021 04-25,Models\20211021 04-25Attention,0.002211657,0.09307047,United States,P,Attention
218,20211021 04-25,Models\20211021 04-25C-LSTM,0.004406468,0.039731562,United States,P,C-LSTM
219,20211021 04-28,Models\20211021 04-28LSTM,0.003242289,0.0719487,United States,PC,LSTM
220,20211021 04-28,Models\20211021 04-28Attention,0.001964752,0.077966005,United States,PC,Attention
221,20211021 04-28,Models\20211021 04-28C-LSTM,0.004253556,0.114680454,United States,PC,C-LSTM
222,20211021 04-32,Models\20211021 04-32LSTM,0.003737455,0.054262966,United States,PCS,LSTM
223,20211021 04-32,Models\20211021 04-32Attention,0.0021948,0.10277693,United States,PCS,Attention
224,20211021 04-32,Models\20211021 04-32C-LSTM,0.042265631,2.3189013,United States,PCS,C-LSTM
225,20211021 04-41,Models\20211021 04-41LSTM,0.004481415,0.085509434,United States,P,LSTM
226,20211021 04-41,Models\20211021 04-41Attention,0.00199038,0.11653138,United States,P,Attention
227,20211021 04-41,Models\20211021 04-41C-LSTM,0.026899248,0.158344075,United States,P,C-LSTM
228,20211021 04-44,Models\20211021 04-44LSTM,0.004077912,0.04138406,United States,PC,LSTM
229,20211021 04-44,Models\20211021 04-44Attention,0.002333164,0.120973542,United States,PC,Attention
230,20211021 04-44,Models\20211021 04-44C-LSTM,0.002975066,0.053041406,United States,PC,C-LSTM
231,20211021 04-47,Models\20211021 04-47LSTM,0.003448645,0.089449085,United States,PCS,LSTM
232,20211021 04-47,Models\20211021 04-47Attention,0.001956767,0.09179505,United States,PCS,Attention
233,20211021 04-47,Models\20211021 04-47C-LSTM,0.012361417,0.055893641,United States,PCS,C-LSTM
677,20211027 20-15,Models\20211027 20-15C-LSTM,0.00747716,0.000561311,India,PC,C-LSTM
606,20211025 20-21,Models\20211025 20-21LSTM,0.000295176,0.000604183,India,PCS,LSTM
469,20211024 01-01,Models\20211024 01-01Attention,0.004421947,0.000700138,India,P,Attention
474,20211024 01-29,Models\20211024 01-29LSTM,0.00426166,0.000847236,India,PCS,LSTM
678,20211027 20-36,Models\20211027 20-36LSTM,0.000451607,0.000886798,India,PCS,LSTM
607,20211025 20-21,Models\20211025 20-21Attention,0.003771286,0.00091011,India,PCS,Attention
243,20211021 16-48,Models\20211021 16-48LSTM,0.001650279,0.000991055,India,P,LSTM
263,20211021 17-17,Models\20211021 17-17C-LSTM,0.037844557,0.000996503,India,P,C-LSTM
603,20211025 20-02,Models\20211025 20-02LSTM,0.000244069,0.001013687,India,PC,LSTM
511,20211024 19-06,Models\20211024 19-06Attention,0.004423842,0.001098539,India,PCS,Attention
472,20211024 01-15,Models\20211024 01-15Attention,0.000983106,0.001111221,India,PC,Attention
254,20211021 17-03,Models\20211021 17-03C-LSTM,0.029447362,0.001124052,India,P,C-LSTM
473,20211024 01-15,Models\20211024 01-15C-LSTM,0.000320028,0.001138854,India,PC,C-LSTM
355,20211021 22-27,Models\20211021 22-27Attention,0.000212859,0.001142483,India,PC,Attention
294,20211021 18-15,Models\20211021 18-15LSTM,0.046509534,0.001152474,India,PCS,LSTM
353,20211021 22-22,Models\20211021 22-22C-LSTM,0.046538092,0.001163474,India,P,C-LSTM
264,20211021 17-19,Models\20211021 17-19LSTM,0.046583239,0.001180096,India,PC,LSTM
291,20211021 18-10,Models\20211021 18-10LSTM,0.001490131,0.001196248,India,PC,LSTM
480,20211024 03-30,Models\20211024 03-30LSTM,0.046696249,0.001224509,India,PC,LSTM
478,20211024 03-16,Models\20211024 03-16Attention,0.000936936,0.00128686,India,P,Attention
358,20211021 22-32,Models\20211021 22-32Attention,0.000207395,0.00151411,India,PCS,Attention
672,20211027 19-54,Models\20211027 19-54LSTM,0.001096474,0.001603415,India,P,LSTM
244,20211021 16-48,Models\20211021 16-48Attention,0.000274949,0.001890456,India,P,Attention
266,20211021 17-19,Models\20211021 17-19C-LSTM,0.016746752,0.002134414,India,PC,C-LSTM
292,20211021 18-10,Models\20211021 18-10Attention,0.000295513,0.002194734,India,PC,Attention
247,20211021 16-51,Models\20211021 16-51Attention,0.000294103,0.002728864,India,PC,Attention
484,20211024 03-43,Models\20211024 03-43Attention,0.041597448,0.002777506,India,PCS,Attention
508,20211024 18-48,Models\20211024 18-48Attention,0.041649956,0.003170459,India,PC,Attention
674,20211027 19-54,Models\20211027 19-54C-LSTM,0.010332415,0.003180202,India,P,C-LSTM
505,20211024 18-29,Models\20211024 18-29Attention,0.000950231,0.0031958,India,P,Attention
507,20211024 18-48,Models\20211024 18-48LSTM,0.001033641,0.0034444,India,PC,LSTM
679,20211027 20-36,Models\20211027 20-36Attention,0.006487051,0.003483125,India,PCS,Attention
676,20211027 20-15,Models\20211027 20-15Attention,0.001940471,0.003531024,India,PC,Attention
604,20211025 20-02,Models\20211025 20-02Attention,0.001034823,0.003534202,India,PC,Attention
605,20211025 20-02,Models\20211025 20-02C-LSTM,0.00661905,0.003543841,India,PC,C-LSTM
475,20211024 01-29,Models\20211024 01-29Attention,0.00443105,0.003863278,India,PCS,Attention
270,20211021 17-41,Models\20211021 17-41LSTM,0.003774567,0.040518049,United States,P,LSTM
271,20211021 17-41,Models\20211021 17-41Attention,0.002109549,0.129603729,United States,P,Attention
272,20211021 17-41,Models\20211021 17-41C-LSTM,0.008772521,0.10056603,United States,P,C-LSTM
273,20211021 17-44,Models\20211021 17-44LSTM,0.002781146,0.058771327,United States,PC,LSTM
274,20211021 17-44,Models\20211021 17-44Attention,0.002051234,0.114483021,United States,PC,Attention
275,20211021 17-44,Models\20211021 17-44C-LSTM,0.003406664,0.114416972,United States,PC,C-LSTM
276,20211021 17-46,Models\20211021 17-46LSTM,0.003385167,0.071664982,United States,PCS,LSTM
277,20211021 17-46,Models\20211021 17-46Attention,0.002127343,0.125650153,United States,PCS,Attention
278,20211021 17-46,Models\20211021 17-46C-LSTM,0.042047296,0.066598184,United States,PCS,C-LSTM
279,20211021 17-52,Models\20211021 17-52LSTM,0.00362753,0.029632853,United States,P,LSTM
280,20211021 17-52,Models\20211021 17-52Attention,0.001953892,0.121820524,United States,P,Attention
281,20211021 17-52,Models\20211021 17-52C-LSTM,0.004447678,0.15027146,United States,P,C-LSTM
282,20211021 17-55,Models\20211021 17-55LSTM,0.003709442,0.035016708,United States,PC,LSTM
283,20211021 17-55,Models\20211021 17-55Attention,0.00225898,0.116239294,United States,PC,Attention
284,20211021 17-55,Models\20211021 17-55C-LSTM,0.002786203,0.071410187,United States,PC,C-LSTM
285,20211021 17-59,Models\20211021 17-59LSTM,0.003360143,0.030491922,United States,PCS,LSTM
286,20211021 17-59,Models\20211021 17-59Attention,0.002179513,0.125311092,United States,PCS,Attention
287,20211021 17-59,Models\20211021 17-59C-LSTM,0.002402583,0.131582975,United States,PCS,C-LSTM
680,20211027 20-36,Models\20211027 20-36C-LSTM,0.002625866,0.004084111,India,PCS,C-LSTM
268,20211021 17-22,Models\20211021 17-22Attention,0.000320379,0.004599706,India,PCS,Attention
357,20211021 22-32,Models\20211021 22-32LSTM,0.001292164,0.004776512,India,PCS,LSTM
241,20211021 16-42,Models\20211021 16-42Attention,0.00034228,0.004803134,India,PCS,Attention
239,20211021 16-39,Models\20211021 16-39C-LSTM,0.014309345,0.005403263,India,PC,C-LSTM
245,20211021 16-48,Models\20211021 16-48C-LSTM,0.025747037,0.005490325,India,P,C-LSTM
248,20211021 16-51,Models\20211021 16-51C-LSTM,0.051232349,0.005892387,India,PC,C-LSTM
471,20211024 01-15,Models\20211024 01-15LSTM,0.00102618,0.006168514,India,PC,LSTM
296,20211021 18-15,Models\20211021 18-15C-LSTM,0.006419307,0.006199837,India,PCS,C-LSTM
297,20211021 18-20,Models\20211021 18-20LSTM,0.005667437,0.087611824,Mexico,P,LSTM
298,20211021 18-20,Models\20211021 18-20Attention,0.004665862,0.050866377,Mexico,P,Attention
299,20211021 18-20,Models\20211021 18-20C-LSTM,0.005520863,0.076021984,Mexico,P,C-LSTM
300,20211021 18-25,Models\20211021 18-25LSTM,0.005149198,0.09361846,Mexico,PC,LSTM
301,20211021 18-25,Models\20211021 18-25Attention,0.00431166,0.07498055,Mexico,PC,Attention
302,20211021 18-25,Models\20211021 18-25C-LSTM,0.007409344,0.112572074,Mexico,PC,C-LSTM
303,20211021 18-30,Models\20211021 18-30LSTM,0.005132444,0.092999376,Mexico,PCS,LSTM
304,20211021 18-30,Models\20211021 18-30Attention,0.004798369,0.076730169,Mexico,PCS,Attention
305,20211021 18-30,Models\20211021 18-30C-LSTM,0.005831102,0.077825345,Mexico,PCS,C-LSTM
306,20211021 18-50,Models\20211021 18-50LSTM,0.017495351,0.131705791,Mexico,P,LSTM
307,20211021 18-50,Models\20211021 18-50Attention,0.0046992,0.043397147,Mexico,P,Attention
308,20211021 18-50,Models\20211021 18-50C-LSTM,0.005571538,0.079940766,Mexico,P,C-LSTM
309,20211021 18-55,Models\20211021 18-55LSTM,0.005662895,0.05905829,Mexico,PC,LSTM
310,20211021 18-55,Models\20211021 18-55Attention,0.005425623,0.095888726,Mexico,PC,Attention
311,20211021 18-55,Models\20211021 18-55C-LSTM,0.00522532,0.063985333,Mexico,PC,C-LSTM
312,20211021 19-00,Models\20211021 19-00LSTM,0.005088293,0.063424744,Mexico,PCS,LSTM
313,20211021 19-00,Models\20211021 19-00Attention,0.004641131,0.049999662,Mexico,PCS,Attention
314,20211021 19-00,Models\20211021 19-00C-LSTM,0.007142899,0.143414423,Mexico,PCS,C-LSTM
637,20211027 03-56,Models\20211027 03-56Attention,0.030214787,0.013935915,Brazil,P,Attention
640,20211027 04-16,Models\20211027 04-16Attention,0.012752188,0.019945821,Brazil,PC,Attention
583,20211025 15-01,Models\20211025 15-01Attention,0.061520848,0.026557598,Brazil,PCS,Attention
381,20211021 23-58,Models\20211021 23-58LSTM,0.059161581,0.027791718,Brazil,P,LSTM
331,20211021 19-38,Models\20211021 19-38Attention,0.000610883,0.028041532,Brazil,PCS,Attention
332,20211021 19-38,Models\20211021 19-38C-LSTM,0.017690016,0.030601023,Brazil,PCS,C-LSTM
656,20211027 18-04,Models\20211027 18-04C-LSTM,0.023829786,0.030759459,Brazil,P,C-LSTM
638,20211027 03-56,Models\20211027 03-56C-LSTM,0.013904701,0.030834924,Brazil,P,C-LSTM
340,20211021 20-27,Models\20211021 20-27Attention,0.003469581,0.033765502,Brazil,PCS,Attention
635,20211027 03-34,Models\20211027 03-34C-LSTM,0.011391954,0.033969384,Brazil,PCS,C-LSTM
620,20211027 01-24,Models\20211027 01-24C-LSTM,0.020011483,0.034617078,Brazil,P,C-LSTM
323,20211021 19-19,Models\20211021 19-19C-LSTM,0.022763748,0.036706906,Brazil,PCS,C-LSTM
594,20211025 18-54,Models\20211025 18-54LSTM,0.008899705,0.037139896,Brazil,P,LSTM
642,20211027 04-37,Models\20211027 04-37LSTM,0.01007479,0.037515648,Brazil,PCS,LSTM
597,20211025 19-14,Models\20211025 19-14LSTM,0.009281323,0.03878488,Brazil,PC,LSTM
596,20211025 18-54,Models\20211025 18-54C-LSTM,0.017887305,0.039437838,Brazil,P,C-LSTM
629,20211027 02-57,Models\20211027 02-57C-LSTM,0.022523444,0.039724536,Brazil,P,C-LSTM
382,20211021 23-58,Models\20211021 23-58Attention,0.00228185,0.040270511,Brazil,P,Attention
634,20211027 03-34,Models\20211027 03-34Attention,0.012500671,0.041022368,Brazil,PCS,Attention
636,20211027 03-56,Models\20211027 03-56LSTM,0.009467811,0.043699745,Brazil,P,LSTM
644,20211027 04-37,Models\20211027 04-37C-LSTM,0.013558931,0.044206742,Brazil,PCS,C-LSTM
662,20211027 18-44,Models\20211027 18-44C-LSTM,0.010456073,0.044862423,Brazil,PCS,C-LSTM
335,20211021 20-17,Models\20211021 20-17C-LSTM,0.021292575,0.044901695,Brazil,P,C-LSTM
660,20211027 18-44,Models\20211027 18-44LSTM,0.007322428,0.045416985,Brazil,PCS,LSTM
586,20211025 17-44,Models\20211025 17-44Attention,0.02862639,0.046134442,Brazil,P,Attention
630,20211027 03-15,Models\20211027 03-15LSTM,0.010351673,0.046634063,Brazil,PC,LSTM
328,20211021 19-33,Models\20211021 19-33Attention,0.002351848,0.046671603,Brazil,PC,Attention
342,20211021 21-42,Models\20211021 21-42LSTM,0.00691841,0.082971968,Mexico,P,LSTM
343,20211021 21-42,Models\20211021 21-42Attention,0.002013725,0.147903442,Mexico,P,Attention
344,20211021 21-42,Models\20211021 21-42C-LSTM,0.007800739,0.17901051,Mexico,P,C-LSTM
345,20211021 21-47,Models\20211021 21-47LSTM,0.017494978,0.131732136,Mexico,PC,LSTM
346,20211021 21-47,Models\20211021 21-47Attention,0.001913169,0.496769339,Mexico,PC,Attention
347,20211021 21-47,Models\20211021 21-47C-LSTM,0.005785855,0.222471982,Mexico,PC,C-LSTM
349,20211021 21-51,Models\20211021 21-51Attention,0.002406257,0.062087964,Mexico,PCS,Attention
350,20211021 21-51,Models\20211021 21-51C-LSTM,0.006696476,0.093305141,Mexico,PCS,C-LSTM
258,20211021 17-08,Models\20211021 17-08LSTM,0.001954359,0.006375902,India,PCS,LSTM
504,20211024 18-29,Models\20211024 18-29LSTM,0.00087767,0.006446057,India,P,LSTM
236,20211021 16-36,Models\20211021 16-36C-LSTM,0.008774495,0.006520594,India,P,C-LSTM
675,20211027 20-15,Models\20211027 20-15LSTM,0.00038127,0.006884478,India,PC,LSTM
253,20211021 17-03,Models\20211021 17-03Attention,0.000777962,0.006976836,India,P,Attention
242,20211021 16-42,Models\20211021 16-42C-LSTM,0.023616239,0.006983822,India,PCS,C-LSTM
481,20211024 03-30,Models\20211024 03-30Attention,0.004262625,0.008010928,India,PC,Attention
249,20211021 16-54,Models\20211021 16-54LSTM,0.002498772,0.008329913,India,PCS,LSTM
673,20211027 19-54,Models\20211027 19-54Attention,0.002024794,0.008581267,India,P,Attention
360,20211021 23-12,Models\20211021 23-12LSTM,0.003637648,0.156031087,United States,P,LSTM
361,20211021 23-12,Models\20211021 23-12Attention,0.001270806,0.157540143,United States,P,Attention
362,20211021 23-12,Models\20211021 23-12C-LSTM,0.003336415,0.043629918,United States,P,C-LSTM
363,20211021 23-17,Models\20211021 23-17LSTM,0.045374352,0.074331656,United States,PC,LSTM
364,20211021 23-17,Models\20211021 23-17Attention,0.001390555,0.135358155,United States,PC,Attention
365,20211021 23-17,Models\20211021 23-17C-LSTM,0.003453493,0.075789921,United States,PC,C-LSTM
366,20211021 23-22,Models\20211021 23-22LSTM,0.002710387,0.111800574,United States,PCS,LSTM
367,20211021 23-22,Models\20211021 23-22Attention,0.001539418,0.145875528,United States,PCS,Attention
368,20211021 23-22,Models\20211021 23-22C-LSTM,0.00324586,0.142168418,United States,PCS,C-LSTM
369,20211021 23-38,Models\20211021 23-38LSTM,0.003493775,0.031826302,United States,P,LSTM
370,20211021 23-38,Models\20211021 23-38Attention,0.001472696,0.139031067,United States,P,Attention
371,20211021 23-38,Models\20211021 23-38C-LSTM,0.003248157,0.052006543,United States,P,C-LSTM
372,20211021 23-43,Models\20211021 23-43LSTM,0.003623718,0.085143708,United States,PC,LSTM
373,20211021 23-43,Models\20211021 23-43Attention,0.001578316,0.148501143,United States,PC,Attention
374,20211021 23-43,Models\20211021 23-43C-LSTM,0.003632719,0.0810486,United States,PC,C-LSTM
375,20211021 23-48,Models\20211021 23-48LSTM,0.002661898,0.052660044,United States,PCS,LSTM
376,20211021 23-48,Models\20211021 23-48Attention,0.00163465,0.133062735,United States,PCS,Attention
377,20211021 23-48,Models\20211021 23-48C-LSTM,0.004348412,0.083079226,United States,PCS,C-LSTM
378,20211021 23-56,Models\20211021 23-56LSTM,0.005345271,0.077257454,Mexico,P,LSTM
379,20211021 23-56,Models\20211021 23-56Attention,0.001616934,0.14872773,Mexico,P,Attention
380,20211021 23-56,Models\20211021 23-56C-LSTM,0.017465632,0.132488698,Mexico,P,C-LSTM
655,20211027 18-04,Models\20211027 18-04Attention,0.026743872,0.046911359,Brazil,P,Attention
643,20211027 04-37,Models\20211027 04-37Attention,0.007687669,0.048352886,Brazil,PCS,Attention
389,20211022 00-05,Models\20211022 00-05C-LSTM,0.018007634,0.049227767,Brazil,PC,C-LSTM
384,20211022 00-03,Models\20211022 00-03LSTM,0.005494153,0.091609649,Mexico,PC,LSTM
385,20211022 00-03,Models\20211022 00-03Attention,0.00212769,0.082764767,Mexico,PC,Attention
386,20211022 00-03,Models\20211022 00-03C-LSTM,0.006788834,0.10290014,Mexico,PC,C-LSTM
627,20211027 02-57,Models\20211027 02-57LSTM,0.008048495,0.050074641,Brazil,P,LSTM
624,20211027 02-05,Models\20211027 02-05LSTM,0.009199393,0.050300207,Brazil,PCS,LSTM
659,20211027 18-23,Models\20211027 18-23C-LSTM,0.018166356,0.052164599,Brazil,PC,C-LSTM
390,20211022 00-11,Models\20211022 00-11LSTM,0.005251385,0.093866982,Mexico,PCS,LSTM
391,20211022 00-11,Models\20211022 00-11Attention,0.003574372,0.076413929,Mexico,PCS,Attention
392,20211022 00-11,Models\20211022 00-11C-LSTM,0.006456962,0.105012365,Mexico,PCS,C-LSTM
388,20211022 00-05,Models\20211022 00-05Attention,0.004631821,0.052617397,Brazil,PC,Attention
632,20211027 03-15,Models\20211027 03-15C-LSTM,0.016997632,0.052663833,Brazil,PC,C-LSTM
579,20211025 14-46,Models\20211025 14-46LSTM,0.033411257,0.053700566,Brazil,PC,LSTM
396,20211022 23-43,Models\20211022 23-43LSTM,0.003007112,0.072211772,United States,P,LSTM
397,20211022 23-43,Models\20211022 23-43Attention,0.001001661,0.135513052,United States,P,Attention
398,20211022 23-43,Models\20211022 23-43C-LSTM,0.044969901,0.082812093,United States,P,C-LSTM
399,20211022 23-57,Models\20211022 23-57LSTM,0.002528281,0.124831848,United States,PC,LSTM
400,20211022 23-57,Models\20211022 23-57Attention,0.001413675,0.109085947,United States,PC,Attention
401,20211022 23-57,Models\20211022 23-57C-LSTM,0.003197305,0.105029225,United States,PC,C-LSTM
402,20211023 00-09,Models\20211023 00-09LSTM,0.002209732,0.122322187,United States,PCS,LSTM
403,20211023 00-09,Models\20211023 00-09Attention,0.001548274,0.159924075,United States,PCS,Attention
404,20211023 00-09,Models\20211023 00-09C-LSTM,0.046332058,0.089698434,United States,PCS,C-LSTM
405,20211023 05-46,Models\20211023 05-46LSTM,0.002927108,0.057637651,United States,P,LSTM
406,20211023 05-46,Models\20211023 05-46Attention,0.001226355,0.065716244,United States,P,Attention
407,20211023 05-46,Models\20211023 05-46C-LSTM,0.002516974,0.111505084,United States,P,C-LSTM
408,20211023 05-58,Models\20211023 05-58LSTM,0.002374856,0.12012621,United States,PC,LSTM
409,20211023 05-58,Models\20211023 05-58Attention,0.001490127,0.137431771,United States,PC,Attention
410,20211023 05-58,Models\20211023 05-58C-LSTM,0.002162741,0.140795261,United States,PC,C-LSTM
411,20211023 06-10,Models\20211023 06-10LSTM,0.002129739,0.092596196,United States,PCS,LSTM
412,20211023 06-10,Models\20211023 06-10Attention,0.001058584,0.093656763,United States,PCS,Attention
413,20211023 06-10,Models\20211023 06-10C-LSTM,0.002217692,0.123807095,United States,PCS,C-LSTM
414,20211023 10-31,Models\20211023 10-31LSTM,0.045010366,0.075910717,United States,P,LSTM
415,20211023 10-31,Models\20211023 10-31Attention,0.045645617,0.08683265,United States,P,Attention
416,20211023 10-31,Models\20211023 10-31C-LSTM,0.001872858,0.164621204,United States,P,C-LSTM
417,20211023 10-43,Models\20211023 10-43LSTM,0.002379343,0.097700119,United States,PC,LSTM
418,20211023 10-43,Models\20211023 10-43Attention,0.045649856,0.086852193,United States,PC,Attention
419,20211023 10-43,Models\20211023 10-43C-LSTM,0.002227599,0.117414892,United States,PC,C-LSTM
420,20211023 10-55,Models\20211023 10-55LSTM,0.002226472,0.117533274,United States,PCS,LSTM
421,20211023 10-55,Models\20211023 10-55Attention,0.045640189,0.08680629,United States,PCS,Attention
422,20211023 10-55,Models\20211023 10-55C-LSTM,0.001855287,0.124797054,United States,PCS,C-LSTM
423,20211023 11-46,Models\20211023 11-46LSTM,0.044800337,0.077581495,United States,P,LSTM
424,20211023 11-46,Models\20211023 11-46Attention,0.045643084,0.086820066,United States,P,Attention
425,20211023 11-46,Models\20211023 11-46C-LSTM,0.002251585,0.14561604,United States,P,C-LSTM
426,20211023 11-59,Models\20211023 11-59LSTM,0.002098497,0.119204521,United States,PC,LSTM
427,20211023 11-59,Models\20211023 11-59Attention,0.045647804,0.086842716,United States,PC,Attention
428,20211023 11-59,Models\20211023 11-59C-LSTM,0.002212937,0.129844442,United States,PC,C-LSTM
429,20211023 12-11,Models\20211023 12-11LSTM,0.002633546,0.040685471,United States,PCS,LSTM
430,20211023 12-11,Models\20211023 12-11Attention,0.045637436,0.086794108,United States,PCS,Attention
431,20211023 12-11,Models\20211023 12-11C-LSTM,0.001790556,0.078308403,United States,PCS,C-LSTM
432,20211023 12-24,Models\20211023 12-24LSTM,0.003399804,0.048709024,United States,P,LSTM
433,20211023 12-24,Models\20211023 12-24Attention,0.045651596,0.08686047,United States,P,Attention
434,20211023 12-24,Models\20211023 12-24C-LSTM,0.038616735,0.078559063,United States,P,C-LSTM
435,20211023 12-38,Models\20211023 12-38LSTM,0.002143278,0.144857526,United States,PC,LSTM
436,20211023 12-38,Models\20211023 12-38Attention,0.045639444,0.086803026,United States,PC,Attention
437,20211023 12-38,Models\20211023 12-38C-LSTM,0.002296513,0.124956116,United States,PC,C-LSTM
438,20211023 12-50,Models\20211023 12-50LSTM,0.002096616,0.101183236,United States,PCS,LSTM
439,20211023 12-50,Models\20211023 12-50Attention,0.045657486,0.086887889,United States,PCS,Attention
440,20211023 12-50,Models\20211023 12-50C-LSTM,0.001950456,0.093263946,United States,PCS,C-LSTM
441,20211023 22-55,Models\20211023 22-55LSTM,0.002765113,0.01946811,United States,P,LSTM
442,20211023 22-55,Models\20211023 22-55Attention,0.04566104,0.086903892,United States,P,Attention
443,20211023 22-55,Models\20211023 22-55C-LSTM,0.002372189,0.127834469,United States,P,C-LSTM
444,20211023 23-07,Models\20211023 23-07LSTM,0.002921338,0.113443583,United States,PC,LSTM
445,20211023 23-07,Models\20211023 23-07Attention,0.045651756,0.086861014,United States,PC,Attention
446,20211023 23-07,Models\20211023 23-07C-LSTM,0.00177311,0.136136249,United States,PC,C-LSTM
447,20211023 23-19,Models\20211023 23-19LSTM,0.002498929,0.161009058,United States,PCS,LSTM
448,20211023 23-19,Models\20211023 23-19Attention,0.045653347,0.086868167,United States,PCS,Attention
449,20211023 23-19,Models\20211023 23-19C-LSTM,0.001798372,0.130307257,United States,PCS,C-LSTM
450,20211023 23-36,Models\20211023 23-36LSTM,0.045138825,0.075232051,United States,P,LSTM
451,20211023 23-36,Models\20211023 23-36Attention,0.001741731,0.122783892,United States,P,Attention
452,20211023 23-36,Models\20211023 23-36C-LSTM,0.002764609,0.133957565,United States,P,C-LSTM
453,20211023 23-47,Models\20211023 23-47LSTM,0.002316001,0.112078451,United States,PC,LSTM
454,20211023 23-47,Models\20211023 23-47Attention,0.001652376,0.143772602,United States,PC,Attention
455,20211023 23-47,Models\20211023 23-47C-LSTM,0.002310213,0.131474555,United States,PC,C-LSTM
456,20211023 23-59,Models\20211023 23-59LSTM,0.002155656,0.082167201,United States,PCS,LSTM
457,20211023 23-59,Models\20211023 23-59Attention,0.001690544,0.14684622,United States,PCS,Attention
458,20211023 23-59,Models\20211023 23-59C-LSTM,0.001703953,0.106041916,United States,PCS,C-LSTM
459,20211024 00-16,Models\20211024 00-16LSTM,0.002866563,0.123206742,United States,P,LSTM
460,20211024 00-16,Models\20211024 00-16Attention,0.002500437,0.102378383,United States,P,Attention
461,20211024 00-16,Models\20211024 00-16C-LSTM,0.001954584,0.151697844,United States,P,C-LSTM
462,20211024 00-29,Models\20211024 00-29LSTM,0.002813198,0.091817372,United States,PC,LSTM
463,20211024 00-29,Models\20211024 00-29Attention,0.002341697,0.14094989,United States,PC,Attention
464,20211024 00-29,Models\20211024 00-29C-LSTM,0.002358654,0.040905584,United States,PC,C-LSTM
465,20211024 00-44,Models\20211024 00-44LSTM,0.002113038,0.053092889,United States,PCS,LSTM
466,20211024 00-44,Models\20211024 00-44Attention,0.002365428,0.109592021,United States,PCS,Attention
467,20211024 00-44,Models\20211024 00-44C-LSTM,0.002177667,0.100641355,United States,PCS,C-LSTM
483,20211024 03-43,Models\20211024 03-43LSTM,0.001217632,0.008722246,India,PCS,LSTM
479,20211024 03-16,Models\20211024 03-16C-LSTM,0.000260437,0.008810669,India,P,C-LSTM
256,20211021 17-05,Models\20211021 17-05Attention,0.000275884,0.00921775,India,PC,Attention
250,20211021 16-54,Models\20211021 16-54Attention,0.000650275,0.0094832,India,PCS,Attention
255,20211021 17-05,Models\20211021 17-05LSTM,0.001773841,0.010850637,India,PC,LSTM
470,20211024 01-01,Models\20211024 01-01C-LSTM,0.000880291,0.011648344,India,P,C-LSTM
295,20211021 18-15,Models\20211021 18-15Attention,0.000326189,0.012175294,India,PCS,Attention
252,20211021 17-03,Models\20211021 17-03LSTM,0.002596376,0.013111675,India,P,LSTM
476,20211024 01-29,Models\20211024 01-29C-LSTM,0.000909397,0.013219161,India,PCS,C-LSTM
354,20211021 22-27,Models\20211021 22-27LSTM,0.001257902,0.013272946,India,PC,LSTM
246,20211021 16-51,Models\20211021 16-51LSTM,0.002421263,0.013288596,India,PC,LSTM
351,20211021 22-22,Models\20211021 22-22LSTM,0.001305374,0.013461282,India,P,LSTM
293,20211021 18-10,Models\20211021 18-10C-LSTM,0.007532442,0.014542004,India,PC,C-LSTM
235,20211021 16-36,Models\20211021 16-36Attention,0.000506477,0.01454789,India,P,Attention
608,20211025 20-21,Models\20211025 20-21C-LSTM,0.001510598,0.01516407,India,PCS,C-LSTM
234,20211021 16-36,Models\20211021 16-36LSTM,0.002731616,0.015753374,India,P,LSTM
269,20211021 17-22,Models\20211021 17-22C-LSTM,0.005345517,0.016106259,India,PCS,C-LSTM
468,20211024 01-01,Models\20211024 01-01LSTM,0.001704236,0.016146811,India,P,LSTM
486,20211024 16-59,Models\20211024 16-59LSTM,0.002745872,0.115895629,United States,P,LSTM
487,20211024 16-59,Models\20211024 16-59Attention,0.002978642,0.130981237,United States,P,Attention
488,20211024 16-59,Models\20211024 16-59C-LSTM,0.002482565,0.131366134,United States,P,C-LSTM
489,20211024 17-11,Models\20211024 17-11LSTM,0.002139165,0.078240991,United States,PC,LSTM
490,20211024 17-11,Models\20211024 17-11Attention,0.002130894,0.135799557,United States,PC,Attention
491,20211024 17-11,Models\20211024 17-11C-LSTM,0.002239075,0.117638759,United States,PC,C-LSTM
492,20211024 17-23,Models\20211024 17-23LSTM,0.003056615,0.075604722,United States,PCS,LSTM
493,20211024 17-23,Models\20211024 17-23Attention,0.002268268,0.130934313,United States,PCS,Attention
494,20211024 17-23,Models\20211024 17-23C-LSTM,0.002136312,0.10974782,United States,PCS,C-LSTM
495,20211024 17-52,Models\20211024 17-52LSTM,0.003086775,0.061603229,United States,P,LSTM
496,20211024 17-52,Models\20211024 17-52Attention,0.002169143,0.096868664,United States,P,Attention
497,20211024 17-52,Models\20211024 17-52C-LSTM,0.003513,0.134586811,United States,P,C-LSTM
498,20211024 18-07,Models\20211024 18-07LSTM,0.002479995,0.108747602,United States,PC,LSTM
499,20211024 18-07,Models\20211024 18-07Attention,0.00275703,0.071572348,United States,PC,Attention
500,20211024 18-07,Models\20211024 18-07C-LSTM,0.002103678,0.139619082,United States,PC,C-LSTM
501,20211024 18-28,Models\20211024 18-28LSTM,0.002292699,0.130636111,United States,PCS,LSTM
502,20211024 18-28,Models\20211024 18-28Attention,0.002455805,0.091780365,United States,PCS,Attention
503,20211024 18-28,Models\20211024 18-28C-LSTM,0.002240353,0.089611195,United States,PCS,C-LSTM
240,20211021 16-42,Models\20211021 16-42LSTM,0.00333265,0.01793728,India,PCS,LSTM
238,20211021 16-39,Models\20211021 16-39Attention,0.000562087,0.017958185,India,PC,Attention
265,20211021 17-19,Models\20211021 17-19Attention,0.000275594,0.018663907,India,PC,Attention
356,20211021 22-27,Models\20211021 22-27C-LSTM,0.001443966,0.022476098,India,PC,C-LSTM
267,20211021 17-22,Models\20211021 17-22LSTM,0.004253057,0.023653133,India,PCS,LSTM
262,20211021 17-17,Models\20211021 17-17Attention,0.000333328,0.023715394,India,P,Attention
485,20211024 03-43,Models\20211024 03-43C-LSTM,0.000963127,0.023919815,India,PCS,C-LSTM
288,20211021 18-05,Models\20211021 18-05LSTM,0.001410905,0.024517991,India,P,LSTM
352,20211021 22-22,Models\20211021 22-22Attention,0.000225978,0.024893135,India,P,Attention
513,20211024 19-18,Models\20211024 19-18LSTM,0.14426361,0.047088999,United States,P,LSTM
514,20211024 19-18,Models\20211024 19-18Attention,0.006771581,0.071133271,United States,P,Attention
515,20211024 19-18,Models\20211024 19-18C-LSTM,0.003216143,0.11712645,United States,P,C-LSTM
516,20211024 19-35,Models\20211024 19-35LSTM,0.011266652,0.061703343,United States,PC,LSTM
517,20211024 19-35,Models\20211024 19-35Attention,0.004221945,0.166503206,United States,PC,Attention
518,20211024 19-35,Models\20211024 19-35C-LSTM,0.003804774,0.109669976,United States,PC,C-LSTM
519,20211024 19-52,Models\20211024 19-52LSTM,0.071978584,0.072069809,United States,PCS,LSTM
520,20211024 19-52,Models\20211024 19-52Attention,0.011552529,0.030461084,United States,PCS,Attention
521,20211024 19-52,Models\20211024 19-52C-LSTM,0.003305649,0.127972797,United States,PCS,C-LSTM
522,20211024 21-02,Models\20211024 21-02LSTM,0.005852417,0.050239716,United States,P,LSTM
523,20211024 21-02,Models\20211024 21-02Attention,0.091803126,0.168428749,United States,P,Attention
524,20211024 21-02,Models\20211024 21-02C-LSTM,0.021740891,0.063541718,United States,P,C-LSTM
525,20211024 21-18,Models\20211024 21-18LSTM,0.028084578,0.028036993,United States,PC,LSTM
526,20211024 21-18,Models\20211024 21-18Attention,0.017734589,0.098264277,United States,PC,Attention
527,20211024 21-18,Models\20211024 21-18C-LSTM,0.045552853,0.084617056,United States,PC,C-LSTM
528,20211024 21-34,Models\20211024 21-34LSTM,0.087960899,0.168428749,United States,PCS,LSTM
529,20211024 21-34,Models\20211024 21-34Attention,0.00968014,0.100822754,United States,PCS,Attention
530,20211024 21-34,Models\20211024 21-34C-LSTM,0.004163735,0.109137051,United States,PCS,C-LSTM
531,20211024 23-28,Models\20211024 23-28LSTM,0.019822927,0.045437697,United States,P,LSTM
532,20211024 23-28,Models\20211024 23-28Attention,0.009991257,0.106061518,United States,P,Attention
533,20211024 23-28,Models\20211024 23-28C-LSTM,0.004628608,0.106860764,United States,P,C-LSTM
534,20211024 23-47,Models\20211024 23-47LSTM,0.017506242,0.103340231,United States,PC,LSTM
535,20211024 23-47,Models\20211024 23-47Attention,0.00960067,0.106422201,United States,PC,Attention
536,20211024 23-47,Models\20211024 23-47C-LSTM,0.003265743,0.130047753,United States,PC,C-LSTM
537,20211025 00-05,Models\20211025 00-05LSTM,0.010336171,0.097936735,United States,PCS,LSTM
538,20211025 00-05,Models\20211025 00-05Attention,0.017277109,0.16815038,United States,PCS,Attention
539,20211025 00-05,Models\20211025 00-05C-LSTM,0.003547229,0.104173213,United States,PCS,C-LSTM
540,20211025 01-36,Models\20211025 01-36LSTM,0.087960899,0.168428749,United States,P,LSTM
541,20211025 01-36,Models\20211025 01-36Attention,0.004702453,0.096296355,United States,P,Attention
542,20211025 01-36,Models\20211025 01-36C-LSTM,0.003859654,0.126351789,United States,P,C-LSTM
543,20211025 01-56,Models\20211025 01-56LSTM,0.087960899,0.168428749,United States,PC,LSTM
544,20211025 01-56,Models\20211025 01-56Attention,26.48169136,0.163197175,United States,PC,Attention
545,20211025 01-56,Models\20211025 01-56C-LSTM,0.087960899,0.168428749,United States,PC,C-LSTM
546,20211025 02-15,Models\20211025 02-15LSTM,0.087960899,0.168428749,United States,PCS,LSTM
547,20211025 02-15,Models\20211025 02-15Attention,0.090949476,0.168428749,United States,PCS,Attention
548,20211025 02-15,Models\20211025 02-15C-LSTM,0.00437519,0.123890981,United States,PCS,C-LSTM
549,20211025 02-50,Models\20211025 02-50LSTM,0.004504968,0.057272803,United States,P,LSTM
550,20211025 02-50,Models\20211025 02-50Attention,0.003791471,0.088867553,United States,P,Attention
551,20211025 02-50,Models\20211025 02-50C-LSTM,0.087960899,0.168428749,United States,P,C-LSTM
552,20211025 03-08,Models\20211025 03-08LSTM,0.002548967,0.083140716,United States,PC,LSTM
553,20211025 03-08,Models\20211025 03-08Attention,0.057092983,0.106185846,United States,PC,Attention
554,20211025 03-08,Models\20211025 03-08C-LSTM,0.00343673,0.121839218,United States,PC,C-LSTM
555,20211025 03-26,Models\20211025 03-26LSTM,0.087960899,0.168428749,United States,PCS,LSTM
556,20211025 03-26,Models\20211025 03-26Attention,0.04652296,0.077566631,United States,PCS,Attention
557,20211025 03-26,Models\20211025 03-26C-LSTM,0.015033094,0.134386644,United States,PCS,C-LSTM
558,20211025 13-15,Models\20211025 13-15LSTM,0.006745345,0.055246267,Mexico,P,LSTM
559,20211025 13-15,Models\20211025 13-15Attention,0.039384194,0.246372849,Mexico,P,Attention
560,20211025 13-15,Models\20211025 13-15C-LSTM,0.01228887,0.077160142,Mexico,P,C-LSTM
623,20211027 01-45,Models\20211027 01-45C-LSTM,0.019105423,0.054875195,Brazil,PC,C-LSTM
324,20211021 19-27,Models\20211021 19-27LSTM,0.015849626,0.055050291,Brazil,P,LSTM
639,20211027 04-16,Models\20211027 04-16LSTM,0.008252658,0.055213202,Brazil,PC,LSTM
564,20211025 13-37,Models\20211025 13-37LSTM,0.007612388,0.097918697,Mexico,PC,LSTM
565,20211025 13-37,Models\20211025 13-37Attention,0.039384194,0.246372849,Mexico,PC,Attention
566,20211025 13-37,Models\20211025 13-37C-LSTM,0.007117826,0.097722769,Mexico,PC,C-LSTM
587,20211025 17-44,Models\20211025 17-44C-LSTM,0.028214373,0.055352278,Brazil,P,C-LSTM
383,20211021 23-58,Models\20211021 23-58C-LSTM,0.016458571,0.056306347,Brazil,P,C-LSTM
600,20211025 19-43,Models\20211025 19-43LSTM,0.007189571,0.057447709,Brazil,PCS,LSTM
570,20211025 14-00,Models\20211025 14-00LSTM,0.006747515,0.062125903,Mexico,PCS,LSTM
571,20211025 14-00,Models\20211025 14-00Attention,0.010038829,0.055232834,Mexico,PCS,Attention
572,20211025 14-00,Models\20211025 14-00C-LSTM,0.006194872,0.083192788,Mexico,PCS,C-LSTM
320,20211021 19-14,Models\20211021 19-14C-LSTM,0.016076824,0.058673147,Brazil,PC,C-LSTM
395,20211022 00-12,Models\20211022 00-12C-LSTM,0.018156787,0.059855085,Brazil,PCS,C-LSTM
628,20211027 02-57,Models\20211027 02-57Attention,0.026212236,0.059903383,Brazil,P,Attention
326,20211021 19-27,Models\20211021 19-27C-LSTM,0.016531924,0.060321525,Brazil,P,C-LSTM
325,20211021 19-27,Models\20211021 19-27Attention,0.001920627,0.060478982,Brazil,P,Attention
602,20211025 19-43,Models\20211025 19-43C-LSTM,0.010398819,0.060817461,Brazil,PCS,C-LSTM
601,20211025 19-43,Models\20211025 19-43Attention,0.035314243,0.062862925,Brazil,PCS,Attention
657,20211027 18-23,Models\20211027 18-23LSTM,0.008386238,0.066131361,Brazil,PC,LSTM
330,20211021 19-38,Models\20211021 19-38LSTM,0.015674848,0.066517539,Brazil,PCS,LSTM
631,20211027 03-15,Models\20211027 03-15Attention,0.014930141,0.066582307,Brazil,PC,Attention
626,20211027 02-05,Models\20211027 02-05C-LSTM,0.033374943,0.067252152,Brazil,PCS,C-LSTM
590,20211025 18-03,Models\20211025 18-03C-LSTM,0.017474974,0.068417959,Brazil,PC,C-LSTM
316,20211021 19-08,Models\20211021 19-08Attention,0.015564289,0.068798102,Brazil,P,Attention
619,20211027 01-24,Models\20211027 01-24Attention,0.019760434,0.069227673,Brazil,P,Attention
575,20211025 14-10,Models\20211025 14-10C-LSTM,0.021108696,0.069969252,Brazil,PCS,C-LSTM
641,20211027 04-16,Models\20211027 04-16C-LSTM,0.015486025,0.070133552,Brazil,PC,C-LSTM
618,20211027 01-24,Models\20211027 01-24LSTM,0.009476758,0.070974275,Brazil,P,LSTM
563,20211025 13-31,Models\20211025 13-31C-LSTM,0.032368317,0.071719907,Brazil,P,C-LSTM
592,20211025 18-23,Models\20211025 18-23Attention,0.033748239,0.071897402,Brazil,PCS,Attention
387,20211022 00-05,Models\20211022 00-05LSTM,0.016082181,0.0721756,Brazil,PC,LSTM
327,20211021 19-33,Models\20211021 19-33LSTM,0.015720991,0.07276085,Brazil,PC,LSTM
622,20211027 01-45,Models\20211027 01-45Attention,0.013142748,0.072967976,Brazil,PC,Attention
319,20211021 19-14,Models\20211021 19-14Attention,0.015442989,0.073879614,Brazil,PC,Attention
315,20211021 19-08,Models\20211021 19-08LSTM,0.015680525,0.074616805,Brazil,P,LSTM
567,20211025 13-53,Models\20211025 13-53LSTM,0.015480861,0.075307488,Brazil,PC,LSTM
654,20211027 18-04,Models\20211027 18-04LSTM,0.007370729,0.075926207,Brazil,P,LSTM
577,20211025 14-30,Models\20211025 14-30Attention,0.036925048,0.076074786,Brazil,P,Attention
580,20211025 14-46,Models\20211025 14-46Attention,0.054185227,0.079003468,Brazil,PC,Attention
621,20211027 01-45,Models\20211027 01-45LSTM,0.007438786,0.081518784,Brazil,PC,LSTM
582,20211025 15-01,Models\20211025 15-01LSTM,0.044045381,0.081933476,Brazil,PCS,LSTM
237,20211021 16-39,Models\20211021 16-39LSTM,0.001905183,0.025411859,India,PC,LSTM
261,20211021 17-17,Models\20211021 17-17LSTM,0.000846231,0.025638759,India,P,LSTM
510,20211024 19-06,Models\20211024 19-06LSTM,0.00069935,0.026785553,India,PCS,LSTM
289,20211021 18-05,Models\20211021 18-05Attention,0.000277415,0.027312461,India,P,Attention
512,20211024 19-06,Models\20211024 19-06C-LSTM,0.000951435,0.030358698,India,PCS,C-LSTM
477,20211024 03-16,Models\20211024 03-16LSTM,0.002152558,0.032068167,India,P,LSTM
609,20211025 23-50,Models\20211025 23-50LSTM,0.004769412,0.04128499,Mexico,P,LSTM
610,20211025 23-50,Models\20211025 23-50Attention,0.002886824,0.140503228,Mexico,P,Attention
611,20211025 23-50,Models\20211025 23-50C-LSTM,0.001980932,0.061405722,Mexico,P,C-LSTM
612,20211026 00-08,Models\20211026 00-08LSTM,0.00508642,0.049685981,Mexico,PC,LSTM
613,20211026 00-08,Models\20211026 00-08Attention,0.005795449,0.057971787,Mexico,PC,Attention
614,20211026 00-08,Models\20211026 00-08C-LSTM,0.002827529,0.078487113,Mexico,PC,C-LSTM
615,20211026 00-26,Models\20211026 00-26LSTM,0.003945407,0.03665749,Mexico,PCS,LSTM
616,20211026 00-26,Models\20211026 00-26Attention,0.007244301,0.043941785,Mexico,PCS,Attention
617,20211026 00-26,Models\20211026 00-26C-LSTM,0.003265379,0.053490516,Mexico,PCS,C-LSTM
574,20211025 14-10,Models\20211025 14-10Attention,0.029988393,0.082207896,Brazil,PCS,Attention
581,20211025 14-46,Models\20211025 14-46C-LSTM,0.030163432,0.084390588,Brazil,PC,C-LSTM
322,20211021 19-19,Models\20211021 19-19Attention,0.015646113,0.084414713,Brazil,PCS,Attention
593,20211025 18-23,Models\20211025 18-23C-LSTM,0.021420417,0.084858283,Brazil,PCS,C-LSTM
568,20211025 13-53,Models\20211025 13-53Attention,0.01547338,0.085343987,Brazil,PC,Attention
599,20211025 19-14,Models\20211025 19-14C-LSTM,0.024466714,0.085365057,Brazil,PC,C-LSTM
336,20211021 20-22,Models\20211021 20-22LSTM,0.015708249,0.085473448,Brazil,PC,LSTM
321,20211021 19-19,Models\20211021 19-19LSTM,0.0159797,0.085487321,Brazil,PCS,LSTM
318,20211021 19-14,Models\20211021 19-14LSTM,0.01604365,0.087932132,Brazil,PC,LSTM
334,20211021 20-17,Models\20211021 20-17Attention,0.001583933,0.088336252,Brazil,P,Attention
562,20211025 13-31,Models\20211025 13-31Attention,0.059189517,0.088893265,Brazil,P,Attention
333,20211021 20-17,Models\20211021 20-17LSTM,0.015791712,0.091121979,Brazil,P,LSTM
595,20211025 18-54,Models\20211025 18-54Attention,0.005143159,0.093326576,Brazil,P,Attention
329,20211021 19-33,Models\20211021 19-33C-LSTM,0.015949707,0.093587853,Brazil,PC,C-LSTM
625,20211027 02-05,Models\20211027 02-05Attention,0.00836262,0.094042107,Brazil,PCS,Attention
341,20211021 20-27,Models\20211021 20-27C-LSTM,0.016655751,0.098271534,Brazil,PCS,C-LSTM
578,20211025 14-30,Models\20211025 14-30C-LSTM,0.048415758,0.099474721,Brazil,P,C-LSTM
394,20211022 00-12,Models\20211022 00-12Attention,0.002166353,0.100709252,Brazil,PCS,Attention
576,20211025 14-30,Models\20211025 14-30LSTM,0.029231763,0.101978369,Brazil,P,LSTM
573,20211025 14-10,Models\20211025 14-10LSTM,0.044867702,0.10199026,Brazil,PCS,LSTM
339,20211021 20-27,Models\20211021 20-27LSTM,0.015869163,0.102516927,Brazil,PCS,LSTM
588,20211025 18-03,Models\20211025 18-03LSTM,0.016764442,0.102911502,Brazil,PC,LSTM
569,20211025 13-53,Models\20211025 13-53C-LSTM,0.058314916,0.104384437,Brazil,PC,C-LSTM
658,20211027 18-23,Models\20211027 18-23Attention,0.019845881,0.108222932,Brazil,PC,Attention
584,20211025 15-01,Models\20211025 15-01C-LSTM,0.043390058,0.112421714,Brazil,PCS,C-LSTM
393,20211022 00-12,Models\20211022 00-12LSTM,0.015709747,0.112950213,Brazil,PCS,LSTM
338,20211021 20-22,Models\20211021 20-22C-LSTM,0.015780954,0.114169918,Brazil,PC,C-LSTM
645,20211027 16-10,Models\20211027 16-10LSTM,0.004314991,0.046770647,Mexico,P,LSTM
646,20211027 16-10,Models\20211027 16-10Attention,0.006503717,0.043632124,Mexico,P,Attention
647,20211027 16-10,Models\20211027 16-10C-LSTM,0.003745997,0.0521309,Mexico,P,C-LSTM
648,20211027 16-30,Models\20211027 16-30LSTM,0.003972405,0.047728889,Mexico,PC,LSTM
649,20211027 16-30,Models\20211027 16-30Attention,0.003587001,0.105212405,Mexico,PC,Attention
650,20211027 16-30,Models\20211027 16-30C-LSTM,0.00430757,0.134726882,Mexico,PC,C-LSTM
651,20211027 16-48,Models\20211027 16-48LSTM,0.005614893,0.080714144,Mexico,PCS,LSTM
652,20211027 16-48,Models\20211027 16-48Attention,0.003997323,0.054096166,Mexico,PCS,Attention
653,20211027 16-48,Models\20211027 16-48C-LSTM,0.008536355,0.062313359,Mexico,PCS,C-LSTM
633,20211027 03-34,Models\20211027 03-34LSTM,0.00785898,0.121886261,Brazil,PCS,LSTM
561,20211025 13-31,Models\20211025 13-31LSTM,0.020671634,0.126905337,Brazil,P,LSTM
661,20211027 18-44,Models\20211027 18-44Attention,0.030242994,0.132566229,Brazil,PCS,Attention
598,20211025 19-14,Models\20211025 19-14Attention,0.002981286,0.137755036,Brazil,PC,Attention
589,20211025 18-03,Models\20211025 18-03Attention,0.107020177,0.153736949,Brazil,PC,Attention
317,20211021 19-08,Models\20211021 19-08C-LSTM,0.016748238,0.158741698,Brazil,P,C-LSTM
591,20211025 18-23,Models\20211025 18-23LSTM,0.0164665,0.18422766,Brazil,PCS,LSTM
337,20211021 20-22,Models\20211021 20-22Attention,0.002321355,0.204266071,Brazil,PC,Attention
585,20211025 17-44,Models\20211025 17-44LSTM,0.027709993,0.223657712,Brazil,P,LSTM
663,20211027 18-59,Models\20211027 18-59LSTM,0.007645321,0.068576925,Mexico,P,LSTM
664,20211027 18-59,Models\20211027 18-59Attention,0.003455194,0.103165083,Mexico,P,Attention
665,20211027 18-59,Models\20211027 18-59C-LSTM,0.007028385,0.035000335,Mexico,P,C-LSTM
666,20211027 19-18,Models\20211027 19-18LSTM,0.004007622,0.041592427,Mexico,PC,LSTM
667,20211027 19-18,Models\20211027 19-18Attention,0.004074315,0.047152333,Mexico,PC,Attention
668,20211027 19-18,Models\20211027 19-18C-LSTM,0.005769475,0.058705397,Mexico,PC,C-LSTM
669,20211027 19-39,Models\20211027 19-39LSTM,0.003923578,0.082113847,Mexico,PCS,LSTM
670,20211027 19-39,Models\20211027 19-39Attention,0.011239812,0.038441814,Mexico,PCS,Attention
671,20211027 19-39,Models\20211027 19-39C-LSTM,0.002620823,0.087865755,Mexico,PCS,C-LSTM
482,20211024 03-30,Models\20211024 03-30C-LSTM,0.000886185,0.039037652,India,PC,C-LSTM
257,20211021 17-05,Models\20211021 17-05C-LSTM,0.03896565,0.042115431,India,PC,C-LSTM
290,20211021 18-05,Models\20211021 18-05C-LSTM,0.008235676,0.052462284,India,P,C-LSTM
260,20211021 17-08,Models\20211021 17-08C-LSTM,0.016226016,0.058485251,India,PCS,C-LSTM
359,20211021 22-32,Models\20211021 22-32C-LSTM,0.003440374,0.062475082,India,PCS,C-LSTM
259,20211021 17-08,Models\20211021 17-08Attention,0.000305255,0.065859161,India,PCS,Attention
251,20211021 16-54,Models\20211021 16-54C-LSTM,0.011182861,0.072868772,India,PCS,C-LSTM
509,20211024 18-48,Models\20211024 18-48C-LSTM,0.000987489,0.100745514,India,PC,C-LSTM
506,20211024 18-29,Models\20211024 18-29C-LSTM,0.000944805,0.218365297,India,P,C-LSTM
681,20211027 20-50,Models\20211027 20-50LSTM,0.00343039,0.115070239,United States,P,LSTM
682,20211027 20-50,Models\20211027 20-50Attention,0.032721154,0.121143058,United States,P,Attention
683,20211027 20-50,Models\20211027 20-50C-LSTM,0.003096822,0.143341541,United States,P,C-LSTM
684,20211027 21-09,Models\20211027 21-09LSTM,0.00231964,0.142632976,United States,PC,LSTM
685,20211027 21-09,Models\20211027 21-09Attention,0.01809191,0.113835968,United States,PC,Attention
686,20211027 21-09,Models\20211027 21-09C-LSTM,0.004257377,0.137845308,United States,PC,C-LSTM
687,20211027 21-29,Models\20211027 21-29LSTM,0.002554945,0.095905185,United States,PCS,LSTM
688,20211027 21-29,Models\20211027 21-29Attention,0.012222415,0.106600761,United States,PCS,Attention
689,20211027 21-29,Models\20211027 21-29C-LSTM,0.002444072,0.062948734,United States,PCS,C-LSTM
690,20211028 17-34,Models\20211028 17-34LSTM,0.00343039,0.115070239,United States,P,LSTM
691,20211028 17-34,Models\20211028 17-34Attention,0.032721154,0.121143058,United States,P,Attention
692,20211028 17-34,Models\20211028 17-34C-LSTM,0.003096822,0.143341541,United States,P,C-LSTM
693,20211028 17-52,Models\20211028 17-52LSTM,0.00231964,0.142632976,United States,PC,LSTM
694,20211028 17-52,Models\20211028 17-52Attention,0.01809191,0.113835968,United States,PC,Attention
695,20211028 17-52,Models\20211028 17-52C-LSTM,0.004257377,0.137845308,United States,PC,C-LSTM
696,20211028 18-11,Models\20211028 18-11LSTM,0.002554945,0.095905185,United States,PCS,LSTM
697,20211028 18-11,Models\20211028 18-11Attention,0.012222415,0.106600761,United States,PCS,Attention
698,20211028 18-11,Models\20211028 18-11C-LSTM,0.002444072,0.062948734,United States,PCS,C-LSTM
699,20211028 20-07,Models\20211028 20-07LSTM,0.00343039,0.115070239,United States,P,LSTM
700,20211028 20-07,Models\20211028 20-07Attention,0.032721154,0.121143058,United States,P,Attention
701,20211028 20-07,Models\20211028 20-07C-LSTM,0.003096822,0.143341541,United States,P,C-LSTM
702,20211028 20-26,Models\20211028 20-26LSTM,0.00231964,0.142632976,United States,PC,LSTM
703,20211028 20-26,Models\20211028 20-26Attention,0.01809191,0.113835968,United States,PC,Attention
704,20211028 20-26,Models\20211028 20-26C-LSTM,0.004257377,0.137845308,United States,PC,C-LSTM
705,20211028 20-45,Models\20211028 20-45LSTM,0.002554945,0.095905185,United States,PCS,LSTM
706,20211028 20-45,Models\20211028 20-45Attention,0.012222415,0.106600761,United States,PCS,Attention
707,20211028 20-45,Models\20211028 20-45C-LSTM,0.002444072,0.062948734,United States,PCS,C-LSTM
