,CountryName_x,CountryCode_x,Jurisdiction,Date,C1_School closing,C2_Workplace closing,C3_Cancel public events,C4_Restrictions on gatherings,C5_Close public transport,C6_Stay at home requirements,C7_Restrictions on internal movement,C8_International travel controls,E1_Income support,E2_Debt/contract relief,E3_Fiscal measures,E4_International support,H1_Public information campaigns,H2_Testing policy,H3_Contact tracing,H4_Emergency investment in healthcare,H5_Investment in vaccines,H6_Facial Coverings,H7_Vaccination policy,H8_Protection of elderly people,ConfirmedCases,ConfirmedDeaths,Daily_cases,like_index,retweet_index,V1_Vaccine Prioritisation (summary),V2_Vaccine Availability (summary),V3_Vaccine Financial Support (summary)
0,United States,USA,NAT_TOTAL,1/1/2020,0,0,0,0,0,0,0,0,0,0,0,0,0,0,0,0,0,0,0,0,0,0,0,0,0,0,0,0
1,United States,USA,NAT_TOTAL,2/1/2020,0,0,0,0,0,0,0,0,0,0,0,0,0,0,0,0,0,0,0,0,0,0,0,0,0,0,0,0
2,United States,USA,NAT_TOTAL,3/1/2020,0,0,0,0,0,0,0,0,0,0,0,0,0,0,0,0,0,0,0,0,0,0,0,0,0,0,0,0
3,United States,USA,NAT_TOTAL,4/1/2020,0,0,0,0,0,0,0,0,0,0,0,0,0,0,0,0,0,0,0,0,0,0,0,0,0,0,0,0
4,United States,USA,NAT_TOTAL,5/1/2020,0,0,0,0,0,0,0,0,0,0,0,0,0,0,0,0,0,0,0,0,0,0,0,0,0,0,0,0
5,United States,USA,NAT_TOTAL,6/1/2020,0,0,0,0,0,0,0,0,0,0,0,0,0,0,0,0,0,0,0,0,0,0,0,0,0,0,0,0
6,United States,USA,NAT_TOTAL,7/1/2020,0,0,0,0,0,0,0,0,0,0,0,0,0,0,0,0,0,0,0,0,0,0,0,0,0,0,0,0
7,United States,USA,NAT_TOTAL,8/1/2020,0,0,0,0,0,0,0,0,0,0,0,0,0,0,0,0,0,0,0,0,0,0,0,0,0,0,0,0
8,United States,USA,NAT_TOTAL,9/1/2020,0,0,0,0,0,0,0,0,0,0,0,0,0,0,0,0,0,0,0,0,0,0,0,0,0,0,0,0
9,United States,USA,NAT_TOTAL,10/1/2020,0,0,0,0,0,0,0,0,0,0,0,0,0,0,0,0,0,0,0,0,0,0,0,0,0,0,0,0
10,United States,USA,NAT_TOTAL,11/1/2020,0,0,0,0,0,0,0,0,0,0,0,0,0,0,0,0,0,0,0,0,0,0,0,0,0,0,0,0
11,United States,USA,NAT_TOTAL,12/1/2020,0,0,0,0,0,0,0,0,0,0,0,0,0,0,0,0,0,0,0,0,0,0,0,0,0,0,0,0
12,United States,USA,NAT_TOTAL,13/1/2020,0,0,0,0,0,0,0,0,0,0,0,0,0,0,0,0,0,0,0,0,0,0,0,0,0,0,0,0
13,United States,USA,NAT_TOTAL,14/1/2020,0,0,0,0,0,0,0,0,0,0,0,0,0,0,0,0,0,0,0,0,0,0,0,0,0,0,0,0
14,United States,USA,NAT_TOTAL,15/1/2020,0,0,0,0,0,0,0,0,0,0,0,0,0,0,0,0,0,0,0,0,0,0,0,0,0,0,0,0
15,United States,USA,NAT_TOTAL,16/1/2020,0,0,0,0,0,0,0,0,0,0,0,0,0,0,0,0,0,0,0,0,0,0,0,0,0,0,0,0
16,United States,USA,NAT_TOTAL,17/1/2020,0,0,0,0,0,0,0,0,0,0,0,0,0,0,0,0,0,0,0,0,0,0,0,0,0,0,0,0
17,United States,USA,NAT_TOTAL,18/1/2020,0,0,0,0,0,0,0,0,0,0,0,0,0,0,0,0,0,0,0,0,0,0,0,0,0,0,0,0
18,United States,USA,NAT_TOTAL,19/1/2020,0,0,0,0,0,0,0,0,0,0,0,0,0,0,0,0,0,0,0,0,0,0,0,0,0,0,0,0
19,United States,USA,NAT_TOTAL,20/1/2020,0,0,0,0,0,0,0,0,0,0,0,0,0,0,0,0,0,0,0,0,0,0,0,0,0,0,0,0
20,United States,USA,NAT_TOTAL,21/1/2020,0,0,0,0,0,0,0,0,0,0,0,0,0,0,1,0,0,0,0,0,0,0,0,0,0,0,0,0
21,United States,USA,NAT_TOTAL,22/1/2020,0,0,0,0,0,0,0,0,0,0,0,0,0,0,1,0,0,0,0,0,1,0,0,0,0,0,0,0
22,United States,USA,NAT_TOTAL,23/1/2020,0,0,0,0,0,0,0,0,0,0,0,0,0,0,1,0,0,0,0,0,1,0,0,0,0,0,0,0
23,United States,USA,NAT_TOTAL,24/1/2020,0,0,0,0,0,0,0,0,0,0,0,0,0,0,1,0,0,0,0,0,2,0,1,0,0,0,0,0
24,United States,USA,NAT_TOTAL,25/1/2020,0,0,0,0,0,0,0,0,0,0,0,0,0,0,1,0,0,0,0,0,2,0,0,0,0,0,0,0
25,United States,USA,NAT_TOTAL,26/1/2020,0,0,0,0,0,0,0,0,0,0,0,0,0,0,1,0,0,0,0,0,5,0,3,0,0,0,0,0
26,United States,USA,NAT_TOTAL,27/1/2020,0,0,0,0,0,0,0,0,0,0,0,0,0,0,1,0,0,0,0,0,5,0,0,0,0,0,0,0
27,United States,USA,NAT_TOTAL,28/1/2020,0,0,0,0,0,0,0,0,0,0,0,0,0,0,1,0,0,0,0,0,5,0,0,0,0,0,0,0
28,United States,USA,NAT_TOTAL,29/1/2020,0,0,0,0,0,0,0,0,0,0,0,0,0,0,1,0,0,0,0,0,6,0,1,0,0,0,0,0
29,United States,USA,NAT_TOTAL,30/1/2020,0,0,0,0,0,0,0,0,0,0,0,0,0,0,1,0,0,0,0,0,6,0,0,0,0,0,0,0
30,United States,USA,NAT_TOTAL,31/1/2020,0,0,0,0,0,0,0,0,0,0,0,0,0,0,1,0,0,0,0,0,8,0,2,0,0,0,0,0
31,United States,USA,NAT_TOTAL,1/2/2020,0,0,0,0,0,0,0,0,0,0,0,0,0,0,1,0,0,0,0,0,8,0,0,0,0,0,0,0
32,United States,USA,NAT_TOTAL,2/2/2020,0,0,0,0,0,0,0,2,0,0,0,0,0,0,1,0,0,0,0,0,8,0,0,0,0,0,0,0
33,United States,USA,NAT_TOTAL,3/2/2020,0,0,0,0,0,0,0,2,0,0,0,0,0,0,1,0,0,0,0,0,11,0,3,0,0,0,0,0
34,United States,USA,NAT_TOTAL,4/2/2020,0,0,0,0,0,0,0,2,0,0,0,0,0,0,1,0,0,0,0,0,11,0,0,0,0,0,0,0
35,United States,USA,NAT_TOTAL,5/2/2020,0,0,0,0,0,0,0,2,0,0,0,0,0,0,1,0,0,0,0,0,11,0,0,0,0,0,0,0
36,United States,USA,NAT_TOTAL,6/2/2020,0,0,0,0,0,0,0,2,0,0,0,0,0,0,1,0,0,0,0,2,12,0,1,0,0,0,0,0
37,United States,USA,NAT_TOTAL,7/2/2020,0,0,0,0,0,0,0,2,0,0,0,100000000,0,0,1,0,0,0,0,2,12,0,0,0,0,0,0,0
38,United States,USA,NAT_TOTAL,8/2/2020,0,0,0,0,0,0,0,2,0,0,0,0,0,0,1,0,0,0,0,2,12,0,0,0,0,0,0,0
39,United States,USA,NAT_TOTAL,9/2/2020,0,0,0,0,0,0,0,2,0,0,0,0,0,0,1,0,0,0,0,2,12,0,0,0,0,0,0,0
40,United States,USA,NAT_TOTAL,10/2/2020,0,0,0,0,0,0,0,2,0,0,0,0,0,0,1,0,0,0,0,2,12,0,0,0,0,0,0,0
41,United States,USA,NAT_TOTAL,11/2/2020,0,0,0,0,0,0,0,2,0,0,0,0,0,0,1,0,0,0,0,2,13,0,1,0,0,0,0,0
42,United States,USA,NAT_TOTAL,12/2/2020,0,0,0,0,0,0,0,2,0,0,0,0,0,0,1,0,0,0,0,2,13,0,0,0,0,0,0,0
43,United States,USA,NAT_TOTAL,13/2/2020,0,0,0,0,0,0,0,2,0,0,0,0,0,0,1,0,0,0,0,2,14,0,1,0,0,0,0,0
44,United States,USA,NAT_TOTAL,14/2/2020,0,0,0,0,0,0,0,2,0,0,0,0,0,0,1,0,0,0,0,2,14,0,0,0,0,0,0,0
45,United States,USA,NAT_TOTAL,15/2/2020,0,0,0,0,0,0,0,2,0,0,0,0,0,0,1,0,0,0,0,2,14,0,0,0,0,0,0,0
46,United States,USA,NAT_TOTAL,16/2/2020,0,0,0,0,0,0,0,2,0,0,0,0,0,0,1,0,0,0,0,2,14,0,0,0,0,0,0,0
47,United States,USA,NAT_TOTAL,17/2/2020,0,0,0,0,0,0,0,2,0,0,0,0,0,0,1,0,0,0,0,2,14,0,0,0,0,0,0,0
48,United States,USA,NAT_TOTAL,18/2/2020,0,0,0,0,0,0,0,2,0,0,0,0,0,0,1,0,0,0,0,2,14,0,0,0,0,0,0,0
49,United States,USA,NAT_TOTAL,19/2/2020,0,0,0,0,0,0,0,2,0,0,0,0,0,0,1,0,0,0,0,2,14,0,0,0,0,0,0,0
50,United States,USA,NAT_TOTAL,20/2/2020,0,0,0,0,0,0,0,2,0,0,0,0,0,0,1,0,0,0,0,2,14,0,0,0,0,0,0,0
51,United States,USA,NAT_TOTAL,21/2/2020,0,0,0,0,0,0,0,2,0,0,0,0,0,0,1,0,0,0,0,2,16,0,2,0,0,0,0,0
52,United States,USA,NAT_TOTAL,22/2/2020,0,0,0,0,0,0,0,2,0,0,0,0,0,0,1,0,0,0,0,2,16,0,0,0,0,0,0,0
53,United States,USA,NAT_TOTAL,23/2/2020,0,0,0,0,0,0,0,2,0,0,0,0,0,0,1,0,0,0,0,2,16,0,0,0,0,0,0,0
54,United States,USA,NAT_TOTAL,24/2/2020,0,0,0,0,0,0,0,2,0,0,0,0,0,0,1,0,0,0,0,2,16,0,0,0,0,0,0,0
55,United States,USA,NAT_TOTAL,25/2/2020,0,0,0,0,0,0,0,2,0,0,0,0,0,0,1,0,0,0,0,2,16,0,0,0,0,0,0,0
56,United States,USA,NAT_TOTAL,26/2/2020,0,0,0,0,0,0,0,2,0,0,0,0,0,0,1,0,0,0,0,2,16,0,0,0,0,0,0,0
57,United States,USA,NAT_TOTAL,27/2/2020,0,0,0,0,0,0,0,2,0,0,0,0,0,0,1,0,0,0,0,2,17,0,1,0,0,0,0,0
58,United States,USA,NAT_TOTAL,28/2/2020,0,0,0,0,0,0,0,2,0,0,0,0,0,1,1,0,0,0,0,2,17,0,0,0,0,0,0,0
59,United States,USA,NAT_TOTAL,29/2/2020,0,0,0,0,0,0,0,2,0,0,0,0,0,1,1,0,0,0,0,2,25,1,8,0,0,0,0,0
60,United States,USA,NAT_TOTAL,1/3/2020,0,0,1,0,0,0,0,2,0,0,0,0,0,1,1,0,0,0,0,2,32,1,7,0,0,0,0,0
61,United States,USA,NAT_TOTAL,2/3/2020,0,0,1,0,0,0,0,3,0,0,0,0,0,1,1,0,0,0,0,2,55,6,23,0,0,0,0,0
62,United States,USA,NAT_TOTAL,3/3/2020,0,0,1,0,0,0,0,3,0,0,0,0,0,1,1,0,0,0,0,2,74,7,19,0,0,0,0,0
63,United States,USA,NAT_TOTAL,4/3/2020,0,0,1,0,0,0,0,3,0,0,0,0,0,2,1,0,0,0,0,2,107,11,33,0,0,0,0,0
64,United States,USA,NAT_TOTAL,5/3/2020,5,0,1,0,0,0,0,3,0,0,0,0,0,2,1,0,0,0,0,2,184,12,77,0,0,0,0,0
65,United States,USA,NAT_TOTAL,6/3/2020,5,0,1,0,0,0,0,3,0,0,1600000000,1300000000,0,2,1,6700000000,826000000,0,0,2,237,14,53,0,0,0,0,0
66,United States,USA,NAT_TOTAL,7/3/2020,5,0,1,0,0,0,0,3,0,0,0,0,0,2,1,0,0,0,0,2,403,17,166,0,0,0,0,0
67,United States,USA,NAT_TOTAL,8/3/2020,5,0,1,0,0,0,0,3,0,0,0,0,0,2,1,0,0,0,0,2,519,21,116,0,0,0,0,0
68,United States,USA,NAT_TOTAL,9/3/2020,5,0,1,0,0,0,0,3,0,0,0,0,0,2,1,0,0,0,0,2,594,22,75,0,0,0,0,0
69,United States,USA,NAT_TOTAL,10/3/2020,5,0,1,0,0,0,0,3,0,0,0,0,0,2,1,0,0,1,0,2,782,28,188,0,0,0,0,0
70,United States,USA,NAT_TOTAL,11/3/2020,5,0,1,1,0,0,0,3,0,0,0,0,0,2,1,0,0,1,0,2,1147,33,365,0,0,0,0,0
71,United States,USA,NAT_TOTAL,12/3/2020,5,0,3,3,0,0,0,3,0,0,0,0,0,2,1,0,0,1,0,2,1586,43,439,0,0,0,0,0
72,United States,USA,NAT_TOTAL,13/3/2020,5,0,3,3,0,0,0,3,0,0,0,0,0,2,1,0,0,1,0,4,2219,51,633,0,0,0,0,0
73,United States,USA,NAT_TOTAL,14/3/2020,5,0,3,3,0,0,2,3,0,0,0,0,0,3,1,0,0,1,0,4,2978,58,759,0,0,0,0,0
74,United States,USA,NAT_TOTAL,15/3/2020,5,0,3,3,0,3,2,3,0,0,0,0,0,3,1,0,0,1,0,4,3212,70,234,0,0,0,0,0
75,United States,USA,NAT_TOTAL,16/3/2020,5,0,3,3,0,3,2,3,0,0,0,0,4,3,1,0,0,1,0,4,4679,97,1467,0,0,0,0,0
76,United States,USA,NAT_TOTAL,17/3/2020,5,0,3,3,1,3,2,3,0,0,0,0,4,3,1,0,0,1,0,4,6512,134,1833,0,0,0,0,0
77,United States,USA,NAT_TOTAL,18/3/2020,5,0,3,3,1,3,2,3,0,0,1.92E+11,0,4,3,1,57458000000,0,1,0,4,9169,194,2657,0,0,0,0,0
78,United States,USA,NAT_TOTAL,19/3/2020,5,5,3,3,1,3,3,3,0,0,0,0,4,3,1,0,0,1,0,4,13663,266,4494,0,0,0,0,0
79,United States,USA,NAT_TOTAL,20/3/2020,5,5,3,3,1,3,3,3,0,0,0,0,4,3,1,0,0,1,0,4,20030,372,6367,0,0,0,0,0
80,United States,USA,NAT_TOTAL,21/3/2020,5,5,3,7,1,3,3,3,0,0,0,0,4,3,1,0,0,1,0,4,26025,475,5995,0,0,0,0,0
81,United States,USA,NAT_TOTAL,22/3/2020,5,5,3,7,1,3,3,3,0,0,0,0,4,3,1,0,0,1,0,4,34898,603,8873,0,0,0,0,0
82,United States,USA,NAT_TOTAL,23/3/2020,5,5,3,7,1,3,3,3,0,0,0,0,4,3,1,0,0,1,0,4,46136,792,11238,0,0,0,0,0
83,United States,USA,NAT_TOTAL,24/3/2020,5,5,3,7,1,3,3,3,0,0,0,0,4,3,1,0,0,1,0,4,56755,1033,10619,0,0,0,0,0
84,United States,USA,NAT_TOTAL,25/3/2020,5,5,3,7,1,3,3,3,0,0,0,0,4,3,1,0,0,1,0,4,68837,1369,12082,0,0,0,0,0
85,United States,USA,NAT_TOTAL,26/3/2020,5,5,3,7,1,3,3,3,0,0,0,274000000,4,3,1,0,0,1,0,4,86693,1785,17856,0,0,0,0,0
86,United States,USA,NAT_TOTAL,27/3/2020,5,5,3,7,1,3,3,3,3,1,1.96E+12,0,4,3,1,2.42E+11,0,1,0,4,105383,2304,18690,0,0,0,0,0
87,United States,USA,NAT_TOTAL,28/3/2020,5,5,3,7,1,3,3,3,3,1,0,0,4,3,1,0,0,1,0,4,125013,2977,19630,0,0,0,0,0
88,United States,USA,NAT_TOTAL,29/3/2020,5,5,3,7,1,3,3,3,3,1,0,0,4,3,1,0,0,1,0,4,143912,3569,18899,0,0,0,0,0
89,United States,USA,NAT_TOTAL,30/3/2020,5,5,3,7,1,3,3,3,3,1,0,0,4,3,1,0,0,1,0,4,165989,4280,22077,0,0,0,0,0
90,United States,USA,NAT_TOTAL,31/3/2020,5,5,3,7,1,3,3,3,3,1,0,0,4,3,1,0,0,1,0,4,192301,5362,26312,0,0,0,0,0
91,United States,USA,NAT_TOTAL,1/4/2020,5,5,3,7,1,3,3,3,3,1,0,0,4,3,1,0,0,1,0,4,224583,6636,32282,14.64285714,164.2142857,0,0,0
92,United States,USA,NAT_TOTAL,2/4/2020,5,5,3,7,1,3,3,3,3,1,0,0,4,3,1,0,0,1,0,4,256809,8151,32226,14.64285714,164.2142857,0,0,0
93,United States,USA,NAT_TOTAL,3/4/2020,5,5,3,7,1,3,3,3,3,1,0,0,4,3,1,0,0,1,0,4,289116,9558,32307,14.64285714,164.2142857,0,0,0
94,United States,USA,NAT_TOTAL,4/4/2020,5,5,3,7,1,3,3,3,3,1,0,0,4,3,1,0,0,3,0,4,321502,11167,32386,14.64285714,164.2142857,0,0,0
95,United States,USA,NAT_TOTAL,5/4/2020,5,5,3,7,1,3,3,3,3,1,0,0,4,3,1,0,0,3,0,4,351397,12799,29895,14.64285714,164.2142857,0,0,0
96,United States,USA,NAT_TOTAL,6/4/2020,5,5,3,7,1,3,3,3,3,1,0,0,4,3,1,0,0,5,0,4,382787,14536,31390,14.64285714,164.2142857,0,0,0
97,United States,USA,NAT_TOTAL,7/4/2020,5,5,3,7,1,3,3,3,3,1,0,0,4,3,1,0,0,5,0,4,413566,17106,30779,14.64285714,164.2142857,0,0,0
98,United States,USA,NAT_TOTAL,8/4/2020,5,5,3,7,1,3,3,3,3,1,0,225000000,4,3,1,0,0,5,0,4,444798,19260,31232,7.2,206.9,0,0,0
99,United States,USA,NAT_TOTAL,9/4/2020,5,5,3,7,1,3,3,3,3,1,0,0,4,3,1,0,0,5,0,4,480743,21475,35945,7.2,206.9,0,0,0
100,United States,USA,NAT_TOTAL,10/4/2020,5,5,3,7,1,3,3,3,3,1,0,0,4,3,1,0,0,5,0,4,515146,23663,34403,7.2,206.9,0,0,0
101,United States,USA,NAT_TOTAL,11/4/2020,5,5,3,7,1,3,3,3,3,1,0,0,4,3,1,0,0,5,0,4,544229,25801,29083,7.2,206.9,0,0,0
102,United States,USA,NAT_TOTAL,12/4/2020,5,5,3,7,1,3,3,3,3,1,0,0,4,3,1,0,0,5,0,4,571485,27693,27256,7.2,206.9,0,0,0
103,United States,USA,NAT_TOTAL,13/4/2020,5,5,3,7,1,3,3,3,3,1,0,0,4,3,1,0,0,5,0,4,598424,29675,26939,7.2,206.9,0,0,0
104,United States,USA,NAT_TOTAL,14/4/2020,5,5,3,7,1,3,3,3,3,1,0,0,4,3,1,0,0,5,0,4,627242,32128,28818,7.2,206.9,0,0,0
105,United States,USA,NAT_TOTAL,15/4/2020,5,5,3,7,1,3,3,3,3,1,0,0,4,3,1,0,0,5,0,4,652650,34719,25408,51.55,383.3,0,0,0
106,United States,USA,NAT_TOTAL,16/4/2020,5,5,3,7,1,3,3,3,3,1,0,0,4,3,1,0,0,5,0,4,682652,36917,30002,51.55,383.3,0,0,0
107,United States,USA,NAT_TOTAL,17/4/2020,5,5,3,7,1,3,3,3,3,1,0,0,4,3,1,0,0,5,0,4,715718,39030,33066,51.55,383.3,0,0,0
108,United States,USA,NAT_TOTAL,18/4/2020,5,5,3,7,1,3,3,3,3,1,0,0,4,3,1,0,0,5,0,4,743625,40970,27907,51.55,383.3,0,0,0
109,United States,USA,NAT_TOTAL,19/4/2020,5,5,3,7,1,3,3,3,3,1,0,0,4,3,1,0,0,5,0,4,769687,42959,26062,51.55,383.3,0,0,0
110,United States,USA,NAT_TOTAL,20/4/2020,5,5,3,7,1,3,3,3,3,1,0,0,4,3,1,0,0,5,0,4,799507,45203,29820,51.55,383.3,0,0,0
111,United States,USA,NAT_TOTAL,21/4/2020,5,5,3,7,1,3,3,3,3,1,0,0,4,3,1,0,0,5,0,4,825433,47662,25926,51.55,383.3,0,0,0
112,United States,USA,NAT_TOTAL,22/4/2020,5,5,3,7,1,3,3,3,3,1,0,270000000,4,3,1,0,0,5,0,4,854344,50135,28911,3.888888889,597.5555556,0,0,0
113,United States,USA,NAT_TOTAL,23/4/2020,5,5,3,7,1,3,3,3,3,1,0,0,4,3,1,0,0,5,0,4,887956,52570,33612,3.888888889,597.5555556,0,0,0
114,United States,USA,NAT_TOTAL,24/4/2020,5,5,3,7,1,3,3,3,3,1,3.84E+11,0,4,3,1,1.00E+11,0,5,0,4,920283,54748,32327,3.888888889,597.5555556,0,0,0
115,United States,USA,NAT_TOTAL,25/4/2020,5,5,3,7,1,3,3,3,3,1,0,0,4,3,1,0,0,5,0,4,950663,56472,30380,3.888888889,597.5555556,0,0,0
116,United States,USA,NAT_TOTAL,26/4/2020,5,5,3,7,1,3,3,3,3,1,0,0,4,3,1,0,0,5,0,4,977151,57885,26488,3.888888889,597.5555556,0,0,0
117,United States,USA,NAT_TOTAL,27/4/2020,5,5,3,7,1,3,3,3,3,1,0,0,4,3,1,0,0,5,0,4,1000866,59380,23715,3.888888889,597.5555556,0,0,0
118,United States,USA,NAT_TOTAL,28/4/2020,5,5,3,7,1,3,3,3,3,1,0,0,4,3,1,0,0,5,0,4,1025441,61608,24575,3.888888889,597.5555556,0,0,0
119,United States,USA,NAT_TOTAL,29/4/2020,5,5,3,7,1,3,3,3,3,1,0,0,4,3,1,0,0,5,0,4,1051900,64006,26459,0,0,0,0,0
120,United States,USA,NAT_TOTAL,30/4/2020,5,5,3,7,1,3,3,3,3,1,0,0,4,3,1,0,0,5,0,4,1081105,66187,29205,0,0,0,0,0
121,United States,USA,NAT_TOTAL,1/5/2020,5,5,3,7,1,3,3,3,3,1,0,0,4,3,1,0,0,5,0,4,1116012,68098,34907,0,0,0,0,0
122,United States,USA,NAT_TOTAL,2/5/2020,5,5,3,7,1,3,3,3,3,1,0,0,4,3,1,0,0,5,0,4,1143360,69833,27348,0,0,0,0,0
123,United States,USA,NAT_TOTAL,3/5/2020,5,5,3,7,1,3,3,3,3,1,0,0,4,3,1,0,0,5,0,4,1167681,71032,24321,0,0,0,0,0
124,United States,USA,NAT_TOTAL,4/5/2020,5,5,3,7,1,3,3,3,3,1,0,0,4,3,1,0,0,5,0,4,1191749,72409,24068,0,0,0,0,0
125,United States,USA,NAT_TOTAL,5/5/2020,5,5,3,7,1,3,3,3,3,1,0,0,4,3,1,0,0,5,0,4,1216277,74616,24528,0,0,0,0,0
126,United States,USA,NAT_TOTAL,6/5/2020,5,5,3,7,1,3,3,3,3,1,0,0,4,3,1,0,0,5,0,4,1240845,76937,24568,22,32,0,0,0
127,United States,USA,NAT_TOTAL,7/5/2020,5,5,3,7,1,3,3,3,3,1,0,0,4,3,1,0,0,5,0,4,1268275,78856,27430,22,32,0,0,0
128,United States,USA,NAT_TOTAL,8/5/2020,5,5,3,7,1,3,3,3,3,1,0,0,4,3,1,0,0,5,0,4,1295105,80615,26830,22,32,0,0,0
129,United States,USA,NAT_TOTAL,9/5/2020,5,5,3,7,1,3,3,3,3,1,0,0,4,3,1,0,0,5,0,4,1320280,82084,25175,22,32,0,0,0
130,United States,USA,NAT_TOTAL,10/5/2020,5,5,3,7,1,3,3,3,3,1,0,0,4,3,1,0,0,5,0,4,1339086,83075,18806,22,32,0,0,0
131,United States,USA,NAT_TOTAL,11/5/2020,5,5,3,7,1,3,3,3,3,1,0,0,4,3,1,0,0,5,0,4,1358381,84112,19295,22,32,0,0,0
132,United States,USA,NAT_TOTAL,12/5/2020,5,5,3,7,1,3,3,3,3,1,0,0,4,3,1,0,0,5,0,4,1381311,85709,22930,22,32,0,0,0
133,United States,USA,NAT_TOTAL,13/5/2020,5,5,3,7,1,3,3,3,3,1,0,0,4,3,1,0,0,5,0,4,1401744,87432,20433,30.2,20.8,0,0,0
134,United States,USA,NAT_TOTAL,14/5/2020,5,5,3,7,1,3,3,3,3,1,0,0,4,3,1,0,0,5,0,4,1428561,89207,26817,30.2,20.8,0,0,0
135,United States,USA,NAT_TOTAL,15/5/2020,5,5,3,7,1,3,3,3,3,1,0,0,4,3,1,0,0,5,0,4,1453294,90872,24733,30.2,20.8,0,0,0
136,United States,USA,NAT_TOTAL,16/5/2020,5,5,3,7,1,3,3,3,3,1,0,0,4,3,1,0,0,5,0,4,1477427,92073,24133,30.2,20.8,0,0,0
137,United States,USA,NAT_TOTAL,17/5/2020,5,5,3,7,1,3,3,3,3,1,0,0,4,3,1,0,0,5,0,4,1495817,92902,18390,30.2,20.8,0,0,0
138,United States,USA,NAT_TOTAL,18/5/2020,5,5,3,7,1,3,3,3,3,1,0,0,4,3,1,0,0,5,0,4,1518206,94130,22389,30.2,20.8,0,0,0
139,United States,USA,NAT_TOTAL,19/5/2020,5,5,3,7,1,3,3,3,3,1,0,0,4,3,1,0,0,5,0,4,1539185,95582,20979,30.2,20.8,0,0,0
140,United States,USA,NAT_TOTAL,20/5/2020,5,5,3,7,1,3,3,3,3,1,0,0,4,3,1,0,0,5,0,4,1561910,97081,22725,9.666666667,24.16666667,0,0,0
141,United States,USA,NAT_TOTAL,21/5/2020,5,5,3,7,1,3,3,3,3,1,0,0,4,3,1,0,1200000000,5,0,4,1587678,98268,25768,9.666666667,24.16666667,0,0,0
142,United States,USA,NAT_TOTAL,22/5/2020,5,5,3,7,1,3,3,3,3,1,0,0,4,3,1,0,0,5,0,4,1611328,99493,23650,9.666666667,24.16666667,0,0,0
143,United States,USA,NAT_TOTAL,23/5/2020,5,5,3,7,1,3,3,3,3,1,0,0,4,3,1,0,0,5,0,4,1632427,100573,21099,9.666666667,24.16666667,0,0,0
144,United States,USA,NAT_TOTAL,24/5/2020,5,5,3,7,1,3,3,3,3,1,0,0,4,3,1,0,0,5,0,4,1652504,101213,20077,9.666666667,24.16666667,0,0,0
145,United States,USA,NAT_TOTAL,25/5/2020,5,5,3,7,1,3,3,3,3,1,0,0,4,3,1,0,0,5,0,4,1671166,101811,18662,9.666666667,24.16666667,0,0,0
146,United States,USA,NAT_TOTAL,26/5/2020,5,5,3,7,1,3,3,3,3,1,0,0,4,3,1,0,0,5,0,4,1690829,102489,19663,9.666666667,24.16666667,0,0,0
147,United States,USA,NAT_TOTAL,27/5/2020,5,5,3,7,1,3,3,3,3,1,0,0,4,3,1,0,0,5,0,4,1709380,103942,18551,28.57142857,20.57142857,0,0,0
148,United States,USA,NAT_TOTAL,28/5/2020,5,5,3,7,1,3,3,3,3,1,0,0,4,3,1,0,0,5,0,4,1731700,105035,22320,28.57142857,20.57142857,0,0,0
149,United States,USA,NAT_TOTAL,29/5/2020,5,5,3,7,1,3,3,3,3,1,0,0,4,3,1,0,0,5,0,4,1756178,106161,24478,28.57142857,20.57142857,0,0,0
150,United States,USA,NAT_TOTAL,30/5/2020,5,5,3,7,1,3,3,3,3,1,0,0,4,3,1,0,0,5,0,4,1779810,107115,23632,28.57142857,20.57142857,0,0,0
151,United States,USA,NAT_TOTAL,31/5/2020,5,5,3,7,1,3,3,3,3,1,0,0,4,3,1,0,0,5,0,4,1798793,107733,18983,28.57142857,20.57142857,0,0,0
152,United States,USA,NAT_TOTAL,1/6/2020,5,5,3,7,1,3,3,3,3,1,0,0,4,3,1,0,0,5,0,4,1816207,108501,17414,28.57142857,20.57142857,0,0,0
153,United States,USA,NAT_TOTAL,2/6/2020,5,5,3,7,1,3,3,3,3,1,0,0,4,3,1,0,0,5,0,4,1837708,109482,21501,28.57142857,20.57142857,0,0,0
154,United States,USA,NAT_TOTAL,3/6/2020,5,5,3,7,1,3,3,3,3,1,0,0,4,3,1,0,0,5,0,4,1857565,110489,19857,18,63.5,0,0,0
155,United States,USA,NAT_TOTAL,4/6/2020,5,5,3,7,1,3,3,3,3,1,0,0,4,3,1,0,0,5,0,4,1879222,111487,21657,18,63.5,0,0,0
156,United States,USA,NAT_TOTAL,5/6/2020,5,5,3,7,1,3,3,3,3,1,0,0,4,3,1,0,0,5,0,4,1904627,112376,25405,18,63.5,0,0,0
157,United States,USA,NAT_TOTAL,6/6/2020,5,5,3,7,1,3,3,3,3,1,0,0,4,3,1,0,0,5,0,4,1925769,113018,21142,18,63.5,0,0,0
158,United States,USA,NAT_TOTAL,7/6/2020,5,5,3,7,1,3,3,3,3,1,0,0,4,3,1,0,0,5,0,4,1943696,113478,17927,18,63.5,0,0,0
159,United States,USA,NAT_TOTAL,8/6/2020,5,5,3,7,1,3,3,3,3,1,0,0,4,3,1,0,0,5,0,4,1961312,113986,17616,18,63.5,0,0,0
160,United States,USA,NAT_TOTAL,9/6/2020,5,5,3,7,1,3,3,3,3,1,0,0,4,3,1,0,0,5,0,4,1979694,114894,18382,18,63.5,0,0,0
161,United States,USA,NAT_TOTAL,10/6/2020,5,5,3,7,1,3,3,3,3,1,0,0,4,3,1,0,0,5,0,4,2000807,115771,21113,14,12,0,0,0
162,United States,USA,NAT_TOTAL,11/6/2020,5,5,3,7,1,3,3,3,3,1,0,0,4,3,1,0,0,5,0,4,2023973,116597,23166,14,12,0,0,0
163,United States,USA,NAT_TOTAL,12/6/2020,5,5,3,7,1,3,3,3,3,1,0,0,4,3,1,0,0,5,0,4,2048801,117424,24828,14,12,0,0,0
164,United States,USA,NAT_TOTAL,13/6/2020,5,5,3,7,1,3,3,3,3,1,0,0,4,3,1,0,0,5,0,4,2074013,118163,25212,14,12,0,0,0
165,United States,USA,NAT_TOTAL,14/6/2020,5,5,3,7,1,3,3,3,3,1,0,0,4,3,1,0,0,5,0,4,2092954,118507,18941,14,12,0,0,0
166,United States,USA,NAT_TOTAL,15/6/2020,5,3,3,7,1,3,3,3,3,1,0,0,4,3,1,0,0,5,0,4,2112781,118905,19827,14,12,0,0,0
167,United States,USA,NAT_TOTAL,16/6/2020,5,3,3,7,1,3,3,3,3,1,0,0,4,3,1,0,0,5,0,4,2136448,119715,23667,14,12,0,0,0
168,United States,USA,NAT_TOTAL,17/6/2020,5,3,3,7,1,3,3,3,3,1,0,0,4,3,1,0,0,5,0,4,2163520,120454,27072,10.55555556,47.55555556,0,0,0
169,United States,USA,NAT_TOTAL,18/6/2020,5,3,3,7,1,3,3,3,3,1,0,0,4,3,1,0,0,5,0,4,2192057,121145,28537,10.55555556,47.55555556,0,0,0
170,United States,USA,NAT_TOTAL,19/6/2020,5,3,3,7,1,3,3,3,3,1,0,0,4,3,1,0,0,5,0,4,2223601,121774,31544,10.55555556,47.55555556,0,0,0
171,United States,USA,NAT_TOTAL,20/6/2020,5,3,3,7,1,3,3,3,3,1,0,0,4,3,1,0,0,5,0,4,2255881,122330,32280,10.55555556,47.55555556,0,0,0
172,United States,USA,NAT_TOTAL,21/6/2020,5,3,3,7,1,3,3,3,3,1,0,0,4,3,1,0,0,5,0,4,2281031,122650,25150,10.55555556,47.55555556,0,0,0
173,United States,USA,NAT_TOTAL,22/6/2020,5,3,3,7,1,3,3,3,3,1,0,0,4,3,1,0,0,5,0,4,2313175,123056,32144,10.55555556,47.55555556,0,0,0
174,United States,USA,NAT_TOTAL,23/6/2020,5,3,3,7,1,3,3,3,3,1,0,0,4,3,1,0,0,5,0,4,2350247,123804,37072,10.55555556,47.55555556,0,0,0
175,United States,USA,NAT_TOTAL,24/6/2020,5,3,3,7,1,3,3,3,3,1,0,0,4,3,1,0,0,5,0,4,2386125,124541,35878,23.75,17.75,0,0,0
176,United States,USA,NAT_TOTAL,25/6/2020,5,3,3,7,1,3,3,3,3,1,0,0,4,3,1,0,0,5,0,4,2426451,125079,40326,23.75,17.75,0,0,0
177,United States,USA,NAT_TOTAL,26/6/2020,5,3,3,7,1,3,3,3,3,1,0,0,4,3,1,0,0,5,0,4,2472450,125707,45999,23.75,17.75,0,0,0
178,United States,USA,NAT_TOTAL,27/6/2020,5,3,3,7,1,3,3,3,3,1,0,0,4,3,1,0,0,5,0,4,2513780,126214,41330,23.75,17.75,0,0,0
179,United States,USA,NAT_TOTAL,28/6/2020,5,3,3,7,1,3,3,3,3,1,0,0,4,3,1,0,0,5,0,4,2554514,126530,40734,23.75,17.75,0,0,0
180,United States,USA,NAT_TOTAL,29/6/2020,5,3,3,7,1,3,3,3,3,1,0,0,4,3,1,0,0,5,0,4,2595813,126916,41299,23.75,17.75,0,0,0
181,United States,USA,NAT_TOTAL,30/6/2020,5,3,3,7,1,3,3,3,3,1,0,0,4,3,1,0,0,5,0,4,2642233,127471,46420,23.75,17.75,0,0,0
182,United States,USA,NAT_TOTAL,1/7/2020,5,3,3,7,1,3,3,3,3,1,0,0,4,3,1,0,0,7,0,4,2694053,128171,51820,9.6,4.4,0,0,0
183,United States,USA,NAT_TOTAL,2/7/2020,5,3,3,7,1,3,3,3,3,1,0,0,4,3,1,0,0,7,0,4,2750688,128881,56635,9.6,4.4,0,0,0
184,United States,USA,NAT_TOTAL,3/7/2020,5,3,3,7,1,3,3,3,3,1,0,0,4,3,1,0,0,7,0,4,2802040,129551,51352,9.6,4.4,0,0,0
185,United States,USA,NAT_TOTAL,4/7/2020,5,3,3,7,1,3,3,3,3,1,0,0,4,3,1,0,0,7,0,4,2847733,129866,45693,9.6,4.4,0,0,0
186,United States,USA,NAT_TOTAL,5/7/2020,5,3,3,7,1,3,3,3,3,1,0,0,4,3,1,0,0,7,0,4,2898480,130192,50747,9.6,4.4,0,0,0
187,United States,USA,NAT_TOTAL,6/7/2020,5,3,3,7,1,3,3,3,3,1,0,0,4,3,1,0,0,7,0,4,2941586,130569,43106,9.6,4.4,0,0,0
188,United States,USA,NAT_TOTAL,7/7/2020,5,3,3,7,1,3,3,3,3,1,0,0,4,3,1,0,1600000000,7,0,4,3002247,131728,60661,9.6,4.4,0,0,0
189,United States,USA,NAT_TOTAL,8/7/2020,5,3,3,7,1,3,3,3,3,1,0,0,4,3,1,0,0,7,0,4,3062366,132550,60119,5.454545455,46.18181818,0,0,0
190,United States,USA,NAT_TOTAL,9/7/2020,5,3,3,7,1,3,3,3,3,1,0,0,4,3,1,0,0,7,0,4,3124875,133569,62509,5.454545455,46.18181818,0,0,0
191,United States,USA,NAT_TOTAL,10/7/2020,5,3,3,7,1,3,3,3,3,1,0,0,4,3,1,0,0,7,0,4,3192932,134383,68057,5.454545455,46.18181818,0,0,0
192,United States,USA,NAT_TOTAL,11/7/2020,5,3,3,7,1,3,3,3,3,1,0,0,4,3,1,0,0,7,0,4,3252947,135112,60015,5.454545455,46.18181818,0,0,0
193,United States,USA,NAT_TOTAL,12/7/2020,5,3,3,7,1,3,3,3,3,1,0,0,4,3,1,0,0,7,0,4,3311373,135584,58426,5.454545455,46.18181818,0,0,0
194,United States,USA,NAT_TOTAL,13/7/2020,5,3,3,7,1,3,3,3,3,1,0,0,4,3,1,0,0,7,0,4,3370303,136031,58930,5.454545455,46.18181818,0,0,0
195,United States,USA,NAT_TOTAL,14/7/2020,5,3,3,7,1,3,3,3,3,1,0,0,4,3,1,0,0,7,0,4,3438351,136946,68048,5.454545455,46.18181818,0,0,0
196,United States,USA,NAT_TOTAL,15/7/2020,5,3,3,7,1,3,3,3,3,1,0,0,4,3,1,0,0,7,0,4,3506444,137927,68093,5.75,11.91666667,0,0,0
197,United States,USA,NAT_TOTAL,16/7/2020,5,3,3,7,1,3,3,3,3,1,0,0,4,3,1,0,0,7,0,4,3582309,138879,75865,5.75,11.91666667,0,0,0
198,United States,USA,NAT_TOTAL,17/7/2020,5,3,3,7,1,3,3,3,3,1,0,0,4,3,1,0,0,7,0,4,3654546,139803,72237,5.75,11.91666667,0,0,0
199,United States,USA,NAT_TOTAL,18/7/2020,5,3,3,7,1,3,3,3,3,1,0,0,4,3,1,0,0,7,0,4,3717082,140660,62536,5.75,11.91666667,0,0,0
200,United States,USA,NAT_TOTAL,19/7/2020,5,3,3,7,1,3,3,3,3,1,0,0,4,3,1,0,0,7,0,4,3777538,141145,60456,5.75,11.91666667,0,0,0
201,United States,USA,NAT_TOTAL,20/7/2020,5,3,3,7,1,2,3,3,3,1,0,0,4,3,1,0,0,7,0,4,3839644,141707,62106,5.75,11.91666667,0,0,0
202,United States,USA,NAT_TOTAL,21/7/2020,5,3,3,7,1,2,3,3,3,1,0,0,4,3,1,0,0,7,0,4,3904105,142792,64461,5.75,11.91666667,0,0,0
203,United States,USA,NAT_TOTAL,22/7/2020,5,3,3,7,1,2,3,3,3,1,0,1950000,4,3,1,0,1950000000,7,0,4,3974685,144015,70580,13.72727273,8.181818182,0,0,0
204,United States,USA,NAT_TOTAL,23/7/2020,5,3,3,7,1,2,3,3,3,1,0,0,4,3,1,0,0,7,0,4,4043130,145083,68445,13.72727273,8.181818182,0,0,0
205,United States,USA,NAT_TOTAL,24/7/2020,5,3,3,7,1,2,3,3,3,1,0,0,4,3,1,0,0,7,0,4,4116449,146187,73319,13.72727273,8.181818182,0,0,0
206,United States,USA,NAT_TOTAL,25/7/2020,5,3,3,7,1,2,3,3,3,1,0,0,4,3,1,0,0,7,0,4,4181400,147119,64951,13.72727273,8.181818182,0,0,0
207,United States,USA,NAT_TOTAL,26/7/2020,5,3,3,7,1,2,3,3,3,1,0,0,4,3,1,0,472000000,7,0,4,4236217,147650,54817,13.72727273,8.181818182,0,0,0
208,United States,USA,NAT_TOTAL,27/7/2020,5,3,3,7,1,2,3,3,3,1,0,0,4,3,1,0,0,7,0,4,4293001,148777,56784,13.72727273,8.181818182,0,0,0
209,United States,USA,NAT_TOTAL,28/7/2020,5,3,3,7,1,2,3,3,3,1,0,0,4,3,1,0,0,7,0,4,4359413,150108,66412,13.72727273,8.181818182,0,0,0
210,United States,USA,NAT_TOTAL,29/7/2020,5,3,3,7,1,2,3,3,3,1,0,0,4,3,1,0,0,7,0,4,4431284,151516,71871,82,78.55555556,0,0,0
211,United States,USA,NAT_TOTAL,30/7/2020,5,3,3,7,1,2,3,3,3,1,0,0,4,3,1,0,0,7,0,4,4498750,152752,67466,82,78.55555556,0,0,0
212,United States,USA,NAT_TOTAL,31/7/2020,5,3,3,7,1,2,3,3,3,1,0,0,4,3,1,0,0,7,0,4,4567464,153989,68714,82,78.55555556,0,0,0
213,United States,USA,NAT_TOTAL,1/8/2020,5,3,3,7,1,2,3,3,3,1,0,0,4,3,1,0,0,7,0,4,4623663,155076,56199,82,78.55555556,0,0,0
214,United States,USA,NAT_TOTAL,2/8/2020,5,3,3,7,1,2,3,3,3,1,0,0,4,3,1,0,0,7,0,4,4669232,155514,45569,82,78.55555556,0,0,0
215,United States,USA,NAT_TOTAL,3/8/2020,5,3,3,7,1,2,3,3,3,1,0,0,4,3,1,0,0,7,0,4,4714733,156097,45501,82,78.55555556,0,0,0
216,United States,USA,NAT_TOTAL,4/8/2020,5,3,3,7,1,2,3,3,3,1,0,0,4,3,1,0,0,7,0,4,4773508,157381,58775,82,78.55555556,0,0,0
217,United States,USA,NAT_TOTAL,5/8/2020,5,3,3,7,1,2,3,3,3,1,0,0,4,3,1,0,1000000000,7,0,4,4827974,158821,54466,6.928571429,100.7142857,0,0,0
218,United States,USA,NAT_TOTAL,6/8/2020,5,3,3,7,1,2,3,3,3,1,0,0,4,3,1,0,0,7,0,4,4887322,160058,59348,6.928571429,100.7142857,0,0,0
219,United States,USA,NAT_TOTAL,7/8/2020,5,3,3,7,1,2,3,3,3,1,0,0,4,3,1,0,0,7,0,4,4946626,161301,59304,6.928571429,100.7142857,0,0,0
220,United States,USA,NAT_TOTAL,8/8/2020,5,3,3,7,1,2,3,3,3,1,0,0,4,3,1,0,0,7,0,4,5000759,162371,54133,6.928571429,100.7142857,0,0,0
221,United States,USA,NAT_TOTAL,9/8/2020,5,3,3,7,1,2,3,3,3,1,0,0,4,3,1,0,0,7,0,4,5046529,162892,45770,6.928571429,100.7142857,0,0,0
222,United States,USA,NAT_TOTAL,10/8/2020,5,3,3,7,1,2,3,3,3,1,0,0,4,3,1,0,0,7,0,4,5094134,163526,47605,6.928571429,100.7142857,0,0,0
223,United States,USA,NAT_TOTAL,11/8/2020,5,3,3,7,1,2,3,3,3,1,0,0,4,3,1,0,0,7,0,4,5142138,164550,48004,6.928571429,100.7142857,0,0,0
224,United States,USA,NAT_TOTAL,12/8/2020,5,3,3,7,1,2,3,3,3,1,0,0,4,3,1,0,0,7,0,4,5198178,166054,56040,37.23076923,64.30769231,0,0,0
225,United States,USA,NAT_TOTAL,13/8/2020,5,3,3,7,1,2,3,3,3,1,0,0,4,3,1,0,0,7,0,4,5249494,167118,51316,37.23076923,64.30769231,0,0,0
226,United States,USA,NAT_TOTAL,14/8/2020,5,3,3,7,1,2,3,3,3,1,0,0,4,3,1,0,0,7,0,4,5314829,168455,65335,37.23076923,64.30769231,0,0,0
227,United States,USA,NAT_TOTAL,15/8/2020,5,3,3,7,1,2,3,3,3,1,0,0,4,3,1,0,0,7,0,4,5361781,169455,46952,37.23076923,64.30769231,0,0,0
228,United States,USA,NAT_TOTAL,16/8/2020,5,3,3,7,1,2,3,3,3,1,0,0,4,3,1,0,0,7,0,4,5400993,170070,39212,37.23076923,64.30769231,0,0,0
229,United States,USA,NAT_TOTAL,17/8/2020,5,3,3,7,1,2,3,3,3,1,0,0,4,3,1,750000,0,7,0,4,5437641,170563,36648,37.23076923,64.30769231,0,0,0
230,United States,USA,NAT_TOTAL,18/8/2020,5,3,3,7,1,2,3,3,3,1,0,0,4,3,1,0,0,7,0,4,5482678,171790,45037,37.23076923,64.30769231,0,0,0
231,United States,USA,NAT_TOTAL,19/8/2020,5,3,3,7,1,2,3,3,3,1,0,0,4,3,1,0,0,7,0,4,5529998,173125,47320,269.1666667,103.1666667,0,0,0
232,United States,USA,NAT_TOTAL,20/8/2020,5,3,3,7,1,2,3,3,3,1,0,0,4,3,1,0,0,7,0,4,5574039,174230,44041,269.1666667,103.1666667,0,0,0
233,United States,USA,NAT_TOTAL,21/8/2020,5,3,3,7,1,2,3,3,3,1,0,0,4,3,1,0,0,7,0,4,5622882,175313,48843,269.1666667,103.1666667,0,0,0
234,United States,USA,NAT_TOTAL,22/8/2020,5,3,3,7,1,2,3,3,3,1,0,0,4,3,1,0,0,7,0,4,5665946,176222,43064,269.1666667,103.1666667,0,0,0
235,United States,USA,NAT_TOTAL,23/8/2020,5,3,3,7,1,2,3,3,3,1,0,0,4,3,1,0,0,7,0,4,5700193,176768,34247,269.1666667,103.1666667,0,0,0
236,United States,USA,NAT_TOTAL,24/8/2020,5,3,3,7,1,2,3,3,3,1,0,0,4,3,1,0,0,7,0,4,5736675,177244,36482,269.1666667,103.1666667,0,0,0
237,United States,USA,NAT_TOTAL,25/8/2020,5,3,3,7,1,2,3,3,3,1,0,0,4,3,1,0,0,7,0,4,5777029,178467,40354,269.1666667,103.1666667,0,0,0
238,United States,USA,NAT_TOTAL,26/8/2020,5,3,3,7,1,2,3,3,3,1,0,0,4,3,1,0,0,7,0,4,5822201,179630,45172,150.7931034,136.2758621,0,0,0
239,United States,USA,NAT_TOTAL,27/8/2020,5,3,3,7,1,2,3,3,3,1,0,0,4,3,1,0,0,7,0,4,5867594,180743,45393,150.7931034,136.2758621,0,0,0
240,United States,USA,NAT_TOTAL,28/8/2020,5,3,3,7,1,2,3,3,3,1,0,0,4,3,1,0,0,7,0,4,5914426,181718,46832,150.7931034,136.2758621,0,0,0
241,United States,USA,NAT_TOTAL,29/8/2020,5,3,3,7,1,2,3,3,3,1,0,0,4,3,1,0,0,7,0,4,5957178,182634,42752,150.7931034,136.2758621,0,0,0
242,United States,USA,NAT_TOTAL,30/8/2020,5,3,3,7,1,2,3,3,3,1,0,0,4,3,1,0,0,7,0,4,5991584,183075,34406,150.7931034,136.2758621,0,0,0
243,United States,USA,NAT_TOTAL,31/8/2020,5,3,3,7,1,2,3,3,3,1,0,0,4,3,1,0,0,7,0,4,6026946,183617,35362,150.7931034,136.2758621,0,0,0
244,United States,USA,NAT_TOTAL,1/9/2020,5,3,3,7,1,2,3,3,3,1,0,0,4,3,1,0,0,7,0,4,6068791,184644,41845,150.7931034,136.2758621,0,0,0
245,United States,USA,NAT_TOTAL,2/9/2020,5,3,3,7,1,2,3,3,3,1,0,0,4,3,1,0,0,7,0,4,6109810,185717,41019,98.38095238,118.9047619,0,0,0
246,United States,USA,NAT_TOTAL,3/9/2020,5,3,3,7,1,2,3,3,3,1,0,0,4,3,1,0,0,7,0,4,6154061,186747,44251,98.38095238,118.9047619,0,0,0
247,United States,USA,NAT_TOTAL,4/9/2020,5,3,3,7,1,2,3,3,3,1,0,0,4,3,1,0,0,7,0,4,6204443,187704,50382,98.38095238,118.9047619,0,0,0
248,United States,USA,NAT_TOTAL,5/9/2020,5,3,3,7,1,2,3,3,3,1,0,0,4,3,1,0,0,7,0,4,6247600,188461,43157,98.38095238,118.9047619,0,0,0
249,United States,USA,NAT_TOTAL,6/9/2020,5,3,3,7,1,2,3,3,3,1,0,0,4,3,1,0,0,7,0,4,6278819,188930,31219,98.38095238,118.9047619,0,0,0
250,United States,USA,NAT_TOTAL,7/9/2020,5,3,3,7,1,2,3,3,3,1,0,0,4,3,1,0,0,7,0,4,6302431,189244,23612,98.38095238,118.9047619,0,0,0
251,United States,USA,NAT_TOTAL,8/9/2020,5,3,3,7,1,2,3,3,3,1,0,0,4,3,1,0,0,7,0,4,6329658,189701,27227,98.38095238,118.9047619,0,0,0
252,United States,USA,NAT_TOTAL,9/9/2020,5,3,3,7,1,2,3,3,3,1,0,0,4,3,1,0,0,7,0,4,6363707,190860,34049,135.0344828,119.5517241,0,0,0
253,United States,USA,NAT_TOTAL,10/9/2020,5,3,3,7,1,2,3,3,3,1,0,0,4,3,1,0,0,7,0,4,6399763,191782,36056,135.0344828,119.5517241,0,0,0
254,United States,USA,NAT_TOTAL,11/9/2020,5,3,3,7,1,2,3,3,3,1,0,0,4,3,1,0,0,7,0,4,6447532,192936,47769,135.0344828,119.5517241,0,0,0
255,United States,USA,NAT_TOTAL,12/9/2020,5,3,3,5,1,1,3,3,3,1,0,0,4,3,1,0,0,7,0,4,6488632,193646,41100,135.0344828,119.5517241,0,0,0
256,United States,USA,NAT_TOTAL,13/9/2020,5,3,3,5,1,1,3,3,3,1,0,0,4,3,1,0,0,7,0,4,6523005,194074,34373,135.0344828,119.5517241,0,0,0
257,United States,USA,NAT_TOTAL,14/9/2020,5,3,3,5,1,1,3,3,3,1,0,0,4,3,1,0,0,7,0,4,6557427,194508,34422,135.0344828,119.5517241,0,0,0
258,United States,USA,NAT_TOTAL,15/9/2020,5,3,3,5,1,1,3,3,3,1,0,0,4,3,1,0,0,7,0,4,6596920,195707,39493,135.0344828,119.5517241,0,0,0
259,United States,USA,NAT_TOTAL,16/9/2020,5,3,3,5,1,1,3,3,3,1,0,0,4,3,1,0,0,7,0,4,6635950,196664,39030,175.8333333,130.5833333,0,0,0
260,United States,USA,NAT_TOTAL,17/9/2020,5,3,3,5,1,1,3,3,3,1,0,0,4,3,1,0,0,7,0,4,6681079,197521,45129,175.8333333,130.5833333,0,0,0
261,United States,USA,NAT_TOTAL,18/9/2020,5,3,3,5,1,1,3,3,3,1,0,0,4,3,1,0,0,7,0,4,6730362,198410,49283,175.8333333,130.5833333,0,0,0
262,United States,USA,NAT_TOTAL,19/9/2020,5,3,3,5,1,1,3,3,3,1,0,0,4,3,1,0,0,7,0,4,6772558,199140,42196,175.8333333,130.5833333,0,0,0
263,United States,USA,NAT_TOTAL,20/9/2020,5,3,3,5,1,1,3,3,3,1,0,0,4,3,1,0,0,7,0,4,6811011,199407,38453,175.8333333,130.5833333,0,0,0
264,United States,USA,NAT_TOTAL,21/9/2020,5,3,3,5,1,1,3,3,3,1,0,0,4,3,1,0,0,7,0,4,6862888,199831,51877,175.8333333,130.5833333,0,0,0
265,United States,USA,NAT_TOTAL,22/9/2020,5,3,3,5,1,1,3,3,3,1,0,0,4,3,1,0,0,7,0,4,6902755,200859,39867,175.8333333,130.5833333,0,0,0
266,United States,USA,NAT_TOTAL,23/9/2020,5,3,3,5,1,1,3,3,3,1,0,0,4,3,1,0,0,7,0,4,6941824,201921,39069,127.6666667,132.1212121,0,0,0
267,United States,USA,NAT_TOTAL,24/9/2020,5,3,3,5,1,1,3,3,3,1,0,0,4,3,1,0,0,7,0,4,6988927,202819,47103,127.6666667,132.1212121,0,0,0
268,United States,USA,NAT_TOTAL,25/9/2020,5,3,3,5,1,1,3,3,3,1,0,0,4,3,1,0,0,7,0,4,7037222,203760,48295,127.6666667,132.1212121,0,0,0
269,United States,USA,NAT_TOTAL,26/9/2020,5,3,3,5,1,1,3,3,3,1,0,0,4,3,1,0,0,7,0,4,7081894,204529,44672,127.6666667,132.1212121,0,0,0
270,United States,USA,NAT_TOTAL,27/9/2020,5,3,3,5,1,1,3,3,3,1,0,0,4,3,1,0,0,7,0,4,7119423,204844,37529,127.6666667,132.1212121,0,0,0
271,United States,USA,NAT_TOTAL,28/9/2020,5,3,3,5,1,1,3,3,3,1,0,0,4,3,1,0,0,7,0,4,7152717,205200,33294,127.6666667,132.1212121,0,0,0
272,United States,USA,NAT_TOTAL,29/9/2020,5,3,3,5,1,1,3,3,3,1,0,0,4,3,1,0,0,7,0,4,7196055,206063,43338,127.6666667,132.1212121,0,0,0
273,United States,USA,NAT_TOTAL,30/9/2020,5,3,3,5,1,1,3,3,3,1,0,0,4,3,1,0,0,7,0,4,7235498,207017,39443,127.1714286,102.9428571,0,0,0
274,United States,USA,NAT_TOTAL,1/10/2020,5,3,3,5,1,1,3,3,3,1,0,0,4,3,1,0,0,7,0,4,7281145,207886,45647,127.1714286,102.9428571,0,0,0
275,United States,USA,NAT_TOTAL,2/10/2020,5,3,3,5,1,1,3,3,3,1,0,0,4,3,1,0,0,7,0,4,7336098,208740,54953,127.1714286,102.9428571,0,0,0
276,United States,USA,NAT_TOTAL,3/10/2020,5,3,3,5,1,1,3,3,3,1,0,0,4,3,1,0,0,7,0,4,7384675,209423,48577,127.1714286,102.9428571,0,0,0
277,United States,USA,NAT_TOTAL,4/10/2020,5,3,3,5,1,1,3,3,3,1,0,0,4,3,1,0,0,7,0,4,7420413,209797,35738,127.1714286,102.9428571,0,0,0
278,United States,USA,NAT_TOTAL,5/10/2020,5,3,3,5,1,1,3,3,3,1,0,0,4,3,1,0,0,7,0,4,7459787,210280,39374,127.1714286,102.9428571,0,0,0
279,United States,USA,NAT_TOTAL,6/10/2020,5,3,3,5,1,1,3,3,3,1,0,0,4,3,1,0,0,7,0,4,7505078,210965,45291,127.1714286,102.9428571,0,0,0
280,United States,USA,NAT_TOTAL,7/10/2020,5,3,3,5,1,1,3,3,3,1,0,0,4,3,1,0,0,7,0,4,7556134,211882,51056,137.0333333,95.53333333,0,0,0
281,United States,USA,NAT_TOTAL,8/10/2020,5,3,3,5,1,1,3,3,3,1,0,0,4,3,1,0,0,7,0,4,7614733,212873,58599,137.0333333,95.53333333,0,0,0
282,United States,USA,NAT_TOTAL,9/10/2020,5,3,3,5,1,1,3,3,3,1,0,0,4,3,1,0,0,7,0,4,7671117,213842,56384,137.0333333,95.53333333,0,0,0
283,United States,USA,NAT_TOTAL,10/10/2020,5,3,3,5,1,1,3,3,3,1,0,0,4,3,1,0,0,7,0,4,7726068,214501,54951,137.0333333,95.53333333,0,0,0
284,United States,USA,NAT_TOTAL,11/10/2020,5,3,3,5,1,1,3,3,3,1,0,0,4,3,1,0,0,7,0,4,7772051,214972,45983,137.0333333,95.53333333,0,0,0
285,United States,USA,NAT_TOTAL,12/10/2020,5,3,3,5,1,1,3,3,3,1,0,0,4,3,1,0,0,7,0,4,7813825,215371,41774,137.0333333,95.53333333,0,0,0
286,United States,USA,NAT_TOTAL,13/10/2020,5,3,3,5,1,3,3,3,3,1,0,0,4,3,1,0,0,7,0,4,7866056,216171,52231,137.0333333,95.53333333,0,0,0
287,United States,USA,NAT_TOTAL,14/10/2020,5,3,3,5,1,3,3,3,3,1,0,0,4,3,1,0,0,7,0,4,7925834,217158,59778,200.9565217,145.3478261,0,0,0
288,United States,USA,NAT_TOTAL,15/10/2020,5,3,3,5,1,3,3,3,3,1,0,0,4,3,1,0,0,7,0,4,7990711,217995,64877,200.9565217,145.3478261,0,0,0
289,United States,USA,NAT_TOTAL,16/10/2020,5,3,3,5,1,3,3,3,3,1,0,0,4,3,1,0,0,7,0,4,8059861,218939,69150,200.9565217,145.3478261,0,0,0
290,United States,USA,NAT_TOTAL,17/10/2020,5,3,3,5,1,3,3,3,3,1,0,0,4,3,1,0,0,7,0,4,8116614,219705,56753,200.9565217,145.3478261,0,0,0
291,United States,USA,NAT_TOTAL,18/10/2020,5,3,3,5,1,3,3,3,3,1,0,0,4,3,1,0,0,7,0,4,8165987,220196,49373,200.9565217,145.3478261,0,0,0
292,United States,USA,NAT_TOTAL,19/10/2020,5,3,3,5,1,3,3,3,3,1,0,0,4,3,1,0,0,7,0,4,8233704,220679,67717,200.9565217,145.3478261,0,0,0
293,United States,USA,NAT_TOTAL,20/10/2020,5,3,3,5,1,3,3,3,3,1,0,0,4,3,1,0,0,7,0,4,8295658,221604,61954,200.9565217,145.3478261,0,0,0
294,United States,USA,NAT_TOTAL,21/10/2020,5,3,3,5,1,3,3,3,3,1,0,0,4,3,1,0,0,7,0,4,8358961,222727,63303,70.52631579,69.31578947,0,0,0
295,United States,USA,NAT_TOTAL,22/10/2020,5,3,3,5,1,3,3,3,3,1,0,0,4,3,1,0,0,7,0,4,8435271,223618,76310,70.52631579,69.31578947,0,0,0
296,United States,USA,NAT_TOTAL,23/10/2020,5,3,3,5,1,3,3,3,3,1,0,0,4,3,1,0,0,7,0,4,8517204,224581,81933,70.52631579,69.31578947,0,0,0
297,United States,USA,NAT_TOTAL,24/10/2020,5,3,3,5,1,3,3,3,3,1,0,0,4,3,1,0,0,7,0,4,8599971,225535,82767,70.52631579,69.31578947,0,0,0
298,United States,USA,NAT_TOTAL,25/10/2020,5,3,3,5,1,3,3,3,3,1,0,0,4,3,1,0,0,7,0,4,8662175,225996,62204,70.52631579,69.31578947,0,0,0
299,United States,USA,NAT_TOTAL,26/10/2020,5,3,3,5,1,1,3,3,3,1,0,0,4,3,1,0,0,7,0,4,8729481,226529,67306,70.52631579,69.31578947,0,0,0
300,United States,USA,NAT_TOTAL,27/10/2020,5,3,3,5,1,1,3,3,3,1,0,0,4,3,1,0,0,7,0,4,8806323,227501,76842,70.52631579,69.31578947,0,0,0
301,United States,USA,NAT_TOTAL,28/10/2020,5,3,3,5,1,1,3,3,3,1,0,0,4,3,1,0,0,7,0,4,8885749,228534,79426,115.5172414,74.37931034,0,0,0
302,United States,USA,NAT_TOTAL,29/10/2020,5,3,3,5,1,1,3,3,3,1,0,0,4,3,1,0,0,7,0,4,8976768,229538,91019,115.5172414,74.37931034,0,0,0
303,United States,USA,NAT_TOTAL,30/10/2020,5,3,3,5,1,1,3,3,3,1,0,0,4,3,1,0,0,7,0,4,9076032,230595,99264,115.5172414,74.37931034,0,0,0
304,United States,USA,NAT_TOTAL,31/10/2020,5,3,3,5,1,1,3,3,3,1,0,0,4,3,1,0,0,7,0,4,9165786,231520,89754,115.5172414,74.37931034,0,0,0
305,United States,USA,NAT_TOTAL,1/11/2020,5,3,3,5,1,1,3,3,3,1,0,0,4,3,1,0,0,7,0,4,9270686,232027,104900,115.5172414,74.37931034,0,0,0
306,United States,USA,NAT_TOTAL,2/11/2020,5,3,3,5,1,1,3,3,3,1,0,0,4,3,1,0,0,7,0,4,9355897,232599,85211,115.5172414,74.37931034,0,0,0
307,United States,USA,NAT_TOTAL,3/11/2020,5,3,3,5,1,1,3,3,3,1,0,0,4,3,1,0,0,7,0,4,9483095,234177,127198,115.5172414,74.37931034,0,0,0
308,United States,USA,NAT_TOTAL,4/11/2020,5,3,3,5,1,1,3,3,3,1,0,0,4,3,1,0,0,7,0,4,9587636,235284,104541,5696.9,952.4666667,0,0,0
309,United States,USA,NAT_TOTAL,5/11/2020,5,3,3,5,1,1,3,3,3,1,0,0,4,3,1,0,0,7,0,4,9717001,236449,129365,5696.9,952.4666667,0,0,0
310,United States,USA,NAT_TOTAL,6/11/2020,5,3,3,5,1,1,3,3,3,1,0,0,4,3,1,0,0,7,0,4,9845036,237674,128035,5696.9,952.4666667,0,0,0
311,United States,USA,NAT_TOTAL,7/11/2020,5,3,3,5,1,1,3,3,3,1,0,0,4,3,1,0,0,7,0,4,9972546,238764,127510,5696.9,952.4666667,0,0,0
312,United States,USA,NAT_TOTAL,8/11/2020,5,3,3,5,1,1,3,3,3,1,0,0,4,3,1,0,0,7,0,4,10087714,239338,115168,5696.9,952.4666667,0,0,0
313,United States,USA,NAT_TOTAL,9/11/2020,5,3,3,5,2,1,3,3,3,1,0,0,4,3,1,0,0,7,0,4,10208148,240113,120434,5696.9,952.4666667,0,0,0
314,United States,USA,NAT_TOTAL,10/11/2020,5,3,3,5,2,1,3,3,3,1,0,0,4,3,1,0,0,7,0,4,10348654,241529,140506,5696.9,952.4666667,0,0,0
315,United States,USA,NAT_TOTAL,11/11/2020,5,3,3,5,2,1,3,3,3,1,0,0,4,3,1,0,0,7,0,4,10495404,242964,146750,203.3125,106,0,0,0
316,United States,USA,NAT_TOTAL,12/11/2020,5,3,3,5,2,1,3,3,3,1,0,0,4,3,1,0,0,7,0,4,10660154,244173,164750,203.3125,106,0,0,0
317,United States,USA,NAT_TOTAL,13/11/2020,5,3,3,5,2,1,3,3,3,1,0,0,4,3,1,0,0,7,0,4,10840552,245373,180398,203.3125,106,0,0,0
318,United States,USA,NAT_TOTAL,14/11/2020,5,3,3,5,2,1,3,3,3,1,0,0,4,3,1,0,0,7,0,4,11008478,246720,167926,203.3125,106,0,0,0
319,United States,USA,NAT_TOTAL,15/11/2020,5,3,3,5,2,1,3,3,3,1,0,0,4,3,1,0,0,7,0,4,11144834,247500,136356,203.3125,106,0,0,0
320,United States,USA,NAT_TOTAL,16/11/2020,5,5,3,7,2,3,3,3,3,1,0,0,4,3,1,0,0,7,0,4,11307457,248335,162623,203.3125,106,0,0,0
321,United States,USA,NAT_TOTAL,17/11/2020,5,5,3,7,2,3,3,3,3,1,0,0,4,3,1,0,0,7,0,4,11471416,250046,163959,203.3125,106,0,0,0
322,United States,USA,NAT_TOTAL,18/11/2020,5,5,3,7,2,3,3,3,3,1,0,0,4,3,1,0,0,7,0,4,11644667,251961,173251,707.275,195.725,0,0,0
323,United States,USA,NAT_TOTAL,19/11/2020,5,5,3,7,2,3,3,3,3,1,0,0,4,3,1,0,0,7,0,4,11836177,254015,191510,707.275,195.725,0,0,0
324,United States,USA,NAT_TOTAL,20/11/2020,5,5,3,7,2,3,3,3,3,1,0,0,4,3,1,0,0,7,0,4,12034510,255975,198333,707.275,195.725,0,0,0
325,United States,USA,NAT_TOTAL,21/11/2020,5,5,3,7,2,3,3,3,3,1,0,0,4,3,1,0,0,7,0,4,12213946,257598,179436,707.275,195.725,0,0,0
326,United States,USA,NAT_TOTAL,22/11/2020,5,5,3,7,2,3,3,3,3,1,0,0,4,3,1,0,0,7,0,4,12360893,258636,146947,707.275,195.725,0,0,0
327,United States,USA,NAT_TOTAL,23/11/2020,5,5,3,7,2,3,3,3,3,1,0,0,4,3,1,0,0,7,0,4,12534982,259737,174089,707.275,195.725,0,0,0
328,United States,USA,NAT_TOTAL,24/11/2020,5,5,3,7,2,3,3,3,3,1,0,0,4,3,1,0,0,7,0,4,12710526,261868,175544,707.275,195.725,0,0,0
329,United States,USA,NAT_TOTAL,25/11/2020,5,5,3,7,2,3,3,3,3,1,0,0,4,3,1,0,0,7,0,4,12893929,264128,183403,1219.909091,290.7272727,0,0,0
330,United States,USA,NAT_TOTAL,26/11/2020,5,5,3,7,2,3,3,3,3,1,0,0,4,3,1,0,0,7,0,4,13006455,265515,112526,1219.909091,290.7272727,0,0,0
331,United States,USA,NAT_TOTAL,27/11/2020,5,5,3,7,2,3,3,3,3,1,0,0,4,3,1,0,0,7,0,4,13214388,267069,207933,1219.909091,290.7272727,0,0,0
332,United States,USA,NAT_TOTAL,28/11/2020,5,5,3,7,2,3,3,3,3,1,0,0,4,3,1,0,0,7,0,4,13370049,268435,155661,1219.909091,290.7272727,0,0,0
333,United States,USA,NAT_TOTAL,29/11/2020,5,5,3,7,2,3,3,3,3,1,0,0,4,3,1,0,0,7,0,4,13510377,269477,140328,1219.909091,290.7272727,0,0,0
334,United States,USA,NAT_TOTAL,30/11/2020,5,5,3,7,2,3,3,3,3,1,0,0,4,3,1,0,0,7,0,4,13670697,270821,160320,1219.909091,290.7272727,0,0,0
335,United States,USA,NAT_TOTAL,1/12/2020,5,5,3,7,2,3,3,3,3,1,0,0,4,3,1,0,0,7,0,4,13859037,273366,188340,1219.909091,290.7272727,1,0,0
336,United States,USA,NAT_TOTAL,2/12/2020,5,3,3,7,2,3,3,3,3,1,0,0,4,3,1,0,0,7,0,4,14061931,276184,202894,1200.531915,239.2340426,1,0,0
337,United States,USA,NAT_TOTAL,3/12/2020,5,3,3,7,2,3,3,3,3,1,0,0,4,3,1,0,0,7,0,4,14285352,279121,223421,1200.531915,239.2340426,1,0,0
338,United States,USA,NAT_TOTAL,4/12/2020,5,3,3,7,2,3,3,3,3,1,0,0,4,3,1,0,0,7,0,4,14517996,281818,232644,1200.531915,239.2340426,1,0,0
339,United States,USA,NAT_TOTAL,5/12/2020,5,3,3,7,2,3,3,3,3,1,0,0,4,3,1,0,0,7,0,4,14733807,284182,215811,1200.531915,239.2340426,1,0,0
340,United States,USA,NAT_TOTAL,6/12/2020,5,3,3,7,2,3,3,3,3,1,0,0,4,3,1,0,0,7,0,4,14915060,285545,181253,1200.531915,239.2340426,1,0,0
341,United States,USA,NAT_TOTAL,7/12/2020,5,3,3,7,2,3,3,3,3,1,0,0,4,3,1,0,0,7,0,4,15109467,287145,194407,1200.531915,239.2340426,1,0,0
342,United States,USA,NAT_TOTAL,8/12/2020,5,3,3,7,2,3,3,3,3,1,0,0,4,3,1,0,0,7,0,4,15333919,289766,224452,1200.531915,239.2340426,1,0,0
343,United States,USA,NAT_TOTAL,9/12/2020,5,3,3,7,2,3,3,3,3,1,0,0,4,3,1,0,0,7,0,4,15556569,292947,222650,1045.723684,290.1184211,1,0,0
344,United States,USA,NAT_TOTAL,10/12/2020,5,3,3,7,2,3,3,3,3,1,0,0,4,3,1,0,0,7,0,4,15787997,295941,231428,1045.723684,290.1184211,1,0,0
345,United States,USA,NAT_TOTAL,11/12/2020,5,3,3,7,2,3,3,3,3,1,0,0,4,3,1,0,0,7,0,4,16028086,299348,240089,1045.723684,290.1184211,1,0,0
346,United States,USA,NAT_TOTAL,12/12/2020,5,3,3,7,2,3,3,3,3,1,0,0,4,3,1,0,0,7,0,4,16245883,301826,217797,1045.723684,290.1184211,1,0,0
347,United States,USA,NAT_TOTAL,13/12/2020,5,3,3,7,2,3,3,3,3,1,0,0,4,3,1,0,0,7,0,4,16433854,303463,187971,1045.723684,290.1184211,1,0,0
348,United States,USA,NAT_TOTAL,14/12/2020,5,3,3,7,2,3,3,3,3,1,0,0,4,3,1,0,0,7,2,4,16628168,305113,194314,1045.723684,290.1184211,1,1,5
349,United States,USA,NAT_TOTAL,15/12/2020,5,3,3,7,2,3,3,3,3,1,0,0,4,3,1,0,0,7,2,4,16837160,308199,208992,1045.723684,290.1184211,1,1,5
350,United States,USA,NAT_TOTAL,16/12/2020,5,3,3,7,2,3,3,3,3,1,0,0,4,3,1,0,0,7,2,4,17083804,311877,246644,694.5172414,246.137931,1,1,5
351,United States,USA,NAT_TOTAL,17/12/2020,5,3,3,7,2,3,3,3,3,1,0,0,4,3,1,0,0,7,2,4,17323724,315379,239920,694.5172414,246.137931,1,1,5
352,United States,USA,NAT_TOTAL,18/12/2020,5,3,3,7,2,3,3,3,3,1,0,0,4,3,1,0,0,7,2,4,17575546,318345,251822,694.5172414,246.137931,1,1,5
353,United States,USA,NAT_TOTAL,19/12/2020,5,3,3,7,2,3,3,3,3,1,0,0,4,3,1,0,0,7,2,4,17767649,321024,192103,694.5172414,246.137931,1,1,5
354,United States,USA,NAT_TOTAL,20/12/2020,5,3,3,7,2,3,3,3,3,1,0,0,4,3,1,0,0,7,2,4,17955653,322756,188004,694.5172414,246.137931,1,1,5
355,United States,USA,NAT_TOTAL,21/12/2020,5,3,3,7,2,3,3,3,3,1,0,0,4,3,1,0,0,7,2,4,18154356,324656,198703,694.5172414,246.137931,1,1,5
356,United States,USA,NAT_TOTAL,22/12/2020,5,3,3,7,2,3,3,3,3,1,0,0,4,3,1,0,0,7,2,4,18352479,328055,198123,694.5172414,246.137931,1,1,5
357,United States,USA,NAT_TOTAL,23/12/2020,5,3,3,7,2,3,3,3,3,1,0,0,4,3,1,0,0,7,2,4,18582104,331478,229625,1134.194444,300.9166667,1,1,5
358,United States,USA,NAT_TOTAL,24/12/2020,5,3,3,7,2,3,3,3,3,1,0,0,4,3,1,0,0,7,2,4,18776242,334374,194138,1134.194444,300.9166667,1,1,5
359,United States,USA,NAT_TOTAL,25/12/2020,5,3,3,7,2,3,3,3,3,1,0,0,4,3,1,0,0,7,2,4,18874122,335832,97880,1134.194444,300.9166667,1,1,5
360,United States,USA,NAT_TOTAL,26/12/2020,5,3,3,7,2,3,3,3,3,1,0,0,4,3,1,0,0,7,2,4,19100538,337723,226416,1134.194444,300.9166667,1,1,5
361,United States,USA,NAT_TOTAL,27/12/2020,5,3,3,7,2,3,3,3,3,1,9.00E+11,0,4,3,1,0,0,7,2,4,19256383,339160,155845,1134.194444,300.9166667,1,1,5
362,United States,USA,NAT_TOTAL,28/12/2020,5,3,3,7,2,3,3,3,3,1,0,0,4,3,1,0,0,7,2,4,19430535,341162,174152,1134.194444,300.9166667,1,1,5
363,United States,USA,NAT_TOTAL,29/12/2020,5,3,3,7,2,3,3,3,3,1,0,0,4,3,1,0,0,7,2,4,19630974,344781,200439,1134.194444,300.9166667,1,1,5
364,United States,USA,NAT_TOTAL,30/12/2020,5,3,3,7,2,3,3,3,3,1,0,0,4,3,1,0,0,7,2,4,19864665,348573,233691,645.8095238,222,1,1,5
365,United States,USA,NAT_TOTAL,31/12/2020,5,3,3,7,2,3,3,3,3,1,0,0,4,3,1,0,0,7,2,4,20100249,352001,235584,645.8095238,222,1,1,5
366,United States,USA,NAT_TOTAL,1/1/2021,5,3,3,7,2,3,3,3,3,1,0,0,4,3,1,0,0,7,2,4,20254160,354136,153911,645.8095238,222,1,1,5
367,United States,USA,NAT_TOTAL,2/1/2021,5,3,3,7,2,3,3,3,3,1,0,0,4,3,1,0,0,7,2,4,20554622,356693,300462,645.8095238,222,1,1,5
368,United States,USA,NAT_TOTAL,3/1/2021,5,3,3,7,2,3,3,3,3,1,0,0,4,3,1,0,0,7,2,4,20763475,358150,208853,645.8095238,222,1,1,5
369,United States,USA,NAT_TOTAL,4/1/2021,5,3,3,7,2,3,3,3,3,1,0,0,4,3,1,0,0,7,2,4,20947482,360244,184007,645.8095238,222,1,1,5
370,United States,USA,NAT_TOTAL,5/1/2021,5,3,3,7,2,3,3,3,3,1,0,0,4,3,1,0,0,7,2,4,21182525,363934,235043,645.8095238,222,1,1,5
371,United States,USA,NAT_TOTAL,6/1/2021,5,3,3,7,2,3,3,3,3,1,0,0,4,3,1,0,0,7,2,4,21438182,367826,255657,825.2244898,257.5714286,1,1,5
372,United States,USA,NAT_TOTAL,7/1/2021,5,3,3,7,2,3,3,3,3,1,0,0,4,3,1,0,0,7,2,4,21716496,371830,278314,825.2244898,257.5714286,1,1,5
373,United States,USA,NAT_TOTAL,8/1/2021,5,3,3,7,2,3,3,3,3,1,0,0,4,3,1,0,0,7,2,4,22011753,375928,295257,825.2244898,257.5714286,1,1,5
374,United States,USA,NAT_TOTAL,9/1/2021,5,3,3,7,2,3,3,3,3,1,0,0,4,3,1,0,0,7,2,4,22272720,379233,260967,825.2244898,257.5714286,1,1,5
375,United States,USA,NAT_TOTAL,10/1/2021,5,3,3,7,2,3,3,3,3,1,0,0,4,3,1,0,0,7,2,4,22486135,381251,213415,825.2244898,257.5714286,1,1,5
376,United States,USA,NAT_TOTAL,11/1/2021,5,3,3,7,2,3,3,3,3,1,0,0,4,3,1,0,0,7,2,4,22700819,383350,214684,825.2244898,257.5714286,1,1,5
377,United States,USA,NAT_TOTAL,12/1/2021,5,3,3,7,2,3,3,3,3,1,0,0,4,3,1,0,0,7,2,4,22927766,387810,226947,825.2244898,257.5714286,1,1,5
378,United States,USA,NAT_TOTAL,13/1/2021,5,3,3,7,2,3,3,3,3,1,0,0,4,3,1,0,0,7,2,4,23158067,391804,230301,1468.38,349.34,1,1,5
379,United States,USA,NAT_TOTAL,14/1/2021,5,3,3,7,2,3,3,3,3,1,0,0,4,3,1,0,0,7,2,4,23393833,395771,235766,1468.38,349.34,1,1,5
380,United States,USA,NAT_TOTAL,15/1/2021,5,3,3,7,2,3,3,3,3,1,0,0,4,3,1,0,0,7,2,4,23636699,399683,242866,1468.38,349.34,1,1,5
381,United States,USA,NAT_TOTAL,16/1/2021,5,3,3,7,2,3,3,3,3,1,0,0,4,3,1,0,0,7,2,4,23838557,403102,201858,1468.38,349.34,1,1,5
382,United States,USA,NAT_TOTAL,17/1/2021,5,3,3,7,2,3,3,3,3,1,0,0,4,3,1,0,0,7,2,4,24016402,405003,177845,1468.38,349.34,1,1,5
383,United States,USA,NAT_TOTAL,18/1/2021,5,3,3,7,2,3,3,3,3,1,0,0,4,3,1,0,0,7,2,4,24160000,406563,143598,1468.38,349.34,1,1,5
384,United States,USA,NAT_TOTAL,19/1/2021,5,3,3,7,2,3,3,3,3,1,0,0,4,3,1,0,0,7,2,4,24336216,409269,176216,1468.38,349.34,1,1,5
385,United States,USA,NAT_TOTAL,20/1/2021,5,3,3,7,2,3,3,3,3,1,0,0,4,3,1,0,0,7,2,4,24519477,413682,183261,12619.07547,2111.283019,1,1,5
386,United States,USA,NAT_TOTAL,21/1/2021,5,3,3,7,2,3,3,3,3,1,0,0,4,3,1,0,0,7,2,4,24713349,417868,193872,12619.07547,2111.283019,1,1,5
387,United States,USA,NAT_TOTAL,22/1/2021,5,3,3,7,2,3,3,3,3,1,0,0,4,3,1,0,0,7,2,4,24904107,421691,190758,12619.07547,2111.283019,1,1,5
388,United States,USA,NAT_TOTAL,23/1/2021,5,3,3,7,2,3,3,3,3,1,0,0,4,3,1,0,0,7,2,4,25074852,425065,170745,12619.07547,2111.283019,1,1,5
389,United States,USA,NAT_TOTAL,24/1/2021,5,3,3,7,2,3,3,3,3,1,0,0,4,3,1,0,0,7,2,4,25206053,426930,131201,12619.07547,2111.283019,1,1,5
390,United States,USA,NAT_TOTAL,25/1/2021,5,3,3,7,2,3,3,3,3,1,0,0,4,3,1,0,0,7,2,4,25357727,428904,151674,12619.07547,2111.283019,1,1,5
391,United States,USA,NAT_TOTAL,26/1/2021,5,3,3,7,2,3,3,3,3,1,0,0,4,3,1,0,0,7,2,4,25505353,432926,147626,12619.07547,2111.283019,1,1,5
392,United States,USA,NAT_TOTAL,27/1/2021,5,3,3,7,2,3,3,3,3,1,0,0,4,3,1,0,0,7,2,4,25659314,436872,153961,3874.282609,605.5217391,1,1,5
393,United States,USA,NAT_TOTAL,28/1/2021,5,3,3,7,2,3,3,3,3,1,0,0,4,3,1,0,0,7,2,4,25828118,440884,168804,3874.282609,605.5217391,1,1,5
394,United States,USA,NAT_TOTAL,29/1/2021,5,3,3,7,2,3,3,3,3,1,0,0,4,3,1,0,0,7,2,4,25994740,444528,166622,3874.282609,605.5217391,1,1,5
395,United States,USA,NAT_TOTAL,30/1/2021,5,3,3,7,2,3,3,3,3,1,0,0,4,3,1,0,0,7,2,4,26137213,447325,142473,3874.282609,605.5217391,1,1,5
396,United States,USA,NAT_TOTAL,31/1/2021,5,3,3,7,2,3,3,3,3,1,0,0,4,3,1,0,0,7,2,4,26249365,449188,112152,3874.282609,605.5217391,1,1,5
397,United States,USA,NAT_TOTAL,1/2/2021,5,3,3,7,2,3,3,3,3,1,0,0,4,3,1,0,0,7,2,4,26384316,451269,134951,3874.282609,605.5217391,1,1,5
398,United States,USA,NAT_TOTAL,2/2/2021,5,3,3,7,2,3,3,3,3,1,0,0,4,3,1,0,0,7,2,4,26499624,454689,115308,3874.282609,605.5217391,1,1,5
399,United States,USA,NAT_TOTAL,3/2/2021,3,3,3,7,2,3,3,3,3,1,0,0,4,3,1,0,0,7,2,4,26621321,458571,121697,675.673913,222.8478261,1,1,5
400,United States,USA,NAT_TOTAL,4/2/2021,3,3,3,7,2,3,3,3,3,1,0,0,4,3,1,0,0,7,2,4,26745317,462318,123996,675.673913,222.8478261,1,1,5
401,United States,USA,NAT_TOTAL,5/2/2021,3,3,3,7,2,3,3,3,3,1,0,0,4,3,1,0,0,7,2,4,26879739,465983,134422,675.673913,222.8478261,1,1,5
402,United States,USA,NAT_TOTAL,6/2/2021,3,3,3,7,2,3,3,3,3,1,0,0,4,3,1,0,0,7,2,4,26983932,468669,104193,675.673913,222.8478261,1,1,5
403,United States,USA,NAT_TOTAL,7/2/2021,3,3,3,7,2,3,3,3,3,1,0,0,4,3,1,0,0,7,2,4,27073661,470110,89729,675.673913,222.8478261,1,1,5
404,United States,USA,NAT_TOTAL,8/2/2021,3,3,3,7,2,3,3,3,3,1,0,0,4,3,1,0,0,7,2,4,27164106,471724,90445,675.673913,222.8478261,1,1,5
405,United States,USA,NAT_TOTAL,9/2/2021,3,3,3,7,2,3,3,3,3,1,0,0,4,3,1,0,0,7,2,4,27259364,474773,95258,675.673913,222.8478261,1,1,5
406,United States,USA,NAT_TOTAL,10/2/2021,3,3,3,7,2,3,3,3,3,1,0,0,4,3,1,0,0,7,2,4,27354634,478078,95270,1666.090909,561.5454545,1,1,5
407,United States,USA,NAT_TOTAL,11/2/2021,3,3,3,7,2,3,3,3,3,1,0,0,4,3,1,0,0,7,2,4,27460396,481292,105762,1666.090909,561.5454545,1,1,5
408,United States,USA,NAT_TOTAL,12/2/2021,3,3,3,7,2,3,3,3,3,1,0,0,4,3,1,0,0,7,2,4,27560048,484222,99652,1666.090909,561.5454545,1,1,5
409,United States,USA,NAT_TOTAL,13/2/2021,3,3,3,7,2,3,3,3,3,1,0,0,4,3,1,0,0,7,2,4,27647267,486420,87219,1666.090909,561.5454545,1,1,5
410,United States,USA,NAT_TOTAL,14/2/2021,3,3,3,7,2,3,3,3,3,1,0,0,4,3,1,0,0,7,2,4,27712420,487592,65153,1666.090909,561.5454545,1,1,5
411,United States,USA,NAT_TOTAL,15/2/2021,3,3,3,7,2,3,3,3,3,1,0,0,4,3,1,0,0,7,2,4,27766681,488555,54261,1666.090909,561.5454545,1,1,5
412,United States,USA,NAT_TOTAL,16/2/2021,3,3,3,7,2,3,3,3,3,1,0,0,4,3,1,0,0,7,2,4,27829178,490301,62497,1666.090909,561.5454545,1,1,5
413,United States,USA,NAT_TOTAL,17/2/2021,3,3,3,7,2,3,3,3,3,1,0,0,4,3,1,0,0,7,2,4,27899331,492697,70153,1929.919355,434.2419355,1,1,5
414,United States,USA,NAT_TOTAL,18/2/2021,3,3,3,7,2,3,3,3,3,1,0,0,4,3,1,0,0,7,2,4,27969229,495211,69898,1929.919355,434.2419355,1,1,5
415,United States,USA,NAT_TOTAL,19/2/2021,3,3,3,7,2,3,3,3,3,1,0,0,4,3,1,0,0,7,2,4,28048511,497836,79282,1929.919355,434.2419355,1,1,5
416,United States,USA,NAT_TOTAL,20/2/2021,3,3,3,7,2,3,3,3,3,1,0,0,4,3,1,0,0,7,2,4,28120203,499673,71692,1929.919355,434.2419355,1,1,5
417,United States,USA,NAT_TOTAL,21/2/2021,3,3,3,7,2,3,3,3,3,1,0,0,4,3,1,0,0,7,2,4,28177363,500911,57160,1929.919355,434.2419355,1,1,5
418,United States,USA,NAT_TOTAL,22/2/2021,3,3,3,7,2,3,3,3,3,1,0,0,4,3,1,0,0,7,2,4,28233528,502225,56165,1929.919355,434.2419355,1,1,5
419,United States,USA,NAT_TOTAL,23/2/2021,3,3,3,7,2,3,3,3,3,1,0,0,4,3,1,0,0,7,2,4,28305788,504500,72260,1929.919355,434.2419355,1,1,5
420,United States,USA,NAT_TOTAL,24/2/2021,3,3,3,7,2,3,3,3,3,1,0,0,4,3,1,0,0,7,2,4,28380537,507683,74749,2483.9875,514.4125,1,1,5
421,United States,USA,NAT_TOTAL,25/2/2021,3,3,3,7,2,3,3,3,3,1,0,0,4,3,1,0,0,7,2,4,28458041,510116,77504,2483.9875,514.4125,1,1,5
422,United States,USA,NAT_TOTAL,26/2/2021,3,3,3,7,2,3,3,3,3,1,0,0,4,3,1,0,0,7,2,4,28535390,512195,77349,2483.9875,514.4125,1,1,5
423,United States,USA,NAT_TOTAL,27/2/2021,3,3,3,7,2,3,3,3,3,1,0,0,4,3,1,0,0,7,4,4,28600016,513717,64626,2483.9875,514.4125,1,1,5
424,United States,USA,NAT_TOTAL,28/2/2021,3,3,3,7,2,3,3,3,3,1,0,0,4,3,1,0,0,7,4,4,28651438,514809,51422,2483.9875,514.4125,1,1,5
425,United States,USA,NAT_TOTAL,1/3/2021,3,3,3,7,2,3,3,3,3,1,0,0,4,3,1,0,0,7,4,4,28709536,516324,58098,2483.9875,514.4125,1,1,5
426,United States,USA,NAT_TOTAL,2/3/2021,3,3,3,7,2,3,3,3,3,1,0,0,4,3,1,0,0,7,4,4,28766682,518265,57146,2483.9875,514.4125,1,1,5
427,United States,USA,NAT_TOTAL,3/3/2021,3,3,3,7,2,3,3,3,3,1,0,0,4,3,1,0,0,7,4,4,28833825,520746,67143,1148.971831,283.5211268,1,1,5
428,United States,USA,NAT_TOTAL,4/3/2021,3,3,3,7,2,1,3,3,3,1,0,0,4,3,1,0,0,7,4,4,28901895,522668,68070,1148.971831,283.5211268,1,1,5
429,United States,USA,NAT_TOTAL,5/3/2021,3,3,3,7,2,1,3,3,3,1,0,0,4,3,1,0,0,7,4,4,28968314,524471,66419,1148.971831,283.5211268,1,1,5
430,United States,USA,NAT_TOTAL,6/3/2021,3,3,3,7,2,1,3,3,3,1,0,0,4,3,1,0,0,7,4,4,29026579,525981,58265,1148.971831,283.5211268,1,1,5
431,United States,USA,NAT_TOTAL,7/3/2021,3,3,3,7,2,1,3,3,3,1,0,0,4,3,1,0,0,7,4,4,29067652,526684,41073,1148.971831,283.5211268,1,1,5
432,United States,USA,NAT_TOTAL,8/3/2021,3,3,3,7,2,1,3,3,3,1,0,0,4,3,1,0,0,7,4,4,29112547,527420,44895,1148.971831,283.5211268,1,1,5
433,United States,USA,NAT_TOTAL,9/3/2021,3,3,3,7,2,1,3,3,3,1,0,0,4,3,1,0,0,7,4,4,29170226,529225,57679,1148.971831,283.5211268,2,2,5
434,United States,USA,NAT_TOTAL,10/3/2021,3,3,3,7,2,1,3,3,3,1,0,0,4,3,1,0,0,7,4,4,29228116,530795,57890,1072.6,294.24,2,2,5
435,United States,USA,NAT_TOTAL,11/3/2021,3,3,3,7,2,1,3,3,3,1,1.90E+12,0,4,3,1,0,0,7,4,4,29290581,532353,62465,1072.6,294.24,2,2,5
436,United States,USA,NAT_TOTAL,12/3/2021,3,3,3,7,2,1,3,3,3,1,0,0,4,3,1,0,0,7,4,4,29352093,533898,61512,1072.6,294.24,2,2,5
437,United States,USA,NAT_TOTAL,13/3/2021,3,3,3,7,2,1,3,3,3,1,0,0,4,3,1,0,0,7,4,4,29405125,534929,53032,1072.6,294.24,2,2,5
438,United States,USA,NAT_TOTAL,14/3/2021,3,3,3,7,2,1,3,3,3,1,0,0,4,3,1,0,0,7,4,4,29443399,535514,38274,1072.6,294.24,2,2,5
439,United States,USA,NAT_TOTAL,15/3/2021,3,3,3,7,2,1,3,3,3,1,0,0,4,3,1,0,0,7,4,4,29499944,536262,56545,1072.6,294.24,2,2,5
440,United States,USA,NAT_TOTAL,16/3/2021,3,3,3,7,2,1,3,3,3,1,0,0,4,3,1,0,0,7,4,4,29553951,537441,54007,1072.6,294.24,2,2,5
441,United States,USA,NAT_TOTAL,17/3/2021,3,3,3,7,2,1,3,3,3,1,0,0,4,3,1,0,0,7,4,4,29613267,538668,59316,2322.956522,358.8478261,2,2,5
442,United States,USA,NAT_TOTAL,18/3/2021,3,3,3,7,2,1,3,3,3,1,0,0,4,3,1,0,0,7,4,4,29673659,540314,60392,2322.956522,358.8478261,2,2,5
443,United States,USA,NAT_TOTAL,19/3/2021,3,3,3,7,2,1,3,3,3,1,0,0,4,3,1,0,0,7,4,4,29735339,541441,61680,2322.956522,358.8478261,2,2,5
444,United States,USA,NAT_TOTAL,20/3/2021,3,3,3,7,2,1,3,3,3,1,0,0,4,3,1,0,0,7,4,4,29790862,542181,55523,2322.956522,358.8478261,2,2,5
445,United States,USA,NAT_TOTAL,21/3/2021,3,3,3,7,2,1,3,3,3,1,0,0,4,3,1,0,0,7,4,4,29824690,542669,33828,2322.956522,358.8478261,2,2,5
446,United States,USA,NAT_TOTAL,22/3/2021,4,3,3,7,2,1,3,3,3,1,0,0,4,3,1,0,0,7,4,4,29876125,543390,51435,2322.956522,358.8478261,2,2,5
447,United States,USA,NAT_TOTAL,23/3/2021,4,2,2,7,2,1,3,3,3,1,0,0,4,3,1,0,0,7,4,4,29929832,544265,53707,2322.956522,358.8478261,2,2,5
448,United States,USA,NAT_TOTAL,24/3/2021,4,2,2,7,2,1,3,3,3,1,0,0,4,3,1,0,0,7,4,4,30016660,545775,86828,1179.428571,408.3265306,2,2,5
449,United States,USA,NAT_TOTAL,25/3/2021,4,2,2,7,2,1,3,3,3,1,0,0,4,3,1,330000000,9000000000,7,4,4,30084207,547175,67547,1179.428571,408.3265306,2,2,5
450,United States,USA,NAT_TOTAL,26/3/2021,4,2,2,7,2,1,3,3,3,1,0,0,4,3,1,0,0,7,4,4,30161584,548326,77377,1179.428571,408.3265306,2,2,5
451,United States,USA,NAT_TOTAL,27/3/2021,4,2,2,7,2,1,3,3,3,1,0,0,4,3,1,0,0,7,4,4,30224432,549122,62848,1179.428571,408.3265306,2,2,5
452,United States,USA,NAT_TOTAL,28/3/2021,4,2,2,7,2,1,3,3,3,1,0,0,4,3,1,0,0,7,4,4,30267649,549647,43217,1179.428571,408.3265306,2,2,5
453,United States,USA,NAT_TOTAL,29/3/2021,4,2,2,7,2,1,2,3,3,1,0,0,4,3,1,0,0,7,4,4,30336922,550351,69273,1179.428571,408.3265306,2,2,5
454,United States,USA,NAT_TOTAL,30/3/2021,3,2,2,7,2,1,2,3,3,1,0,0,4,3,1,0,0,7,6,4,30398351,551234,61429,1179.428571,408.3265306,2,2,5
455,United States,USA,NAT_TOTAL,31/3/2021,3,2,2,7,2,1,2,3,3,1,0,0,4,3,1,0,0,7,6,4,30465116,552312,66765,442.3548387,216.0322581,2,2,5
456,United States,USA,NAT_TOTAL,1/4/2021,3,2,2,7,2,1,2,3,3,1,0,0,4,3,1,0,0,7,6,4,30544259,553389,79143,442.3548387,216.0322581,2,2,5
457,United States,USA,NAT_TOTAL,2/4/2021,3,2,2,7,2,1,2,3,3,1,0,0,4,3,1,0,0,7,6,4,30614146,554343,69887,442.3548387,216.0322581,2,2,5
458,United States,USA,NAT_TOTAL,3/4/2021,3,2,2,7,2,1,2,3,3,1,0,0,4,3,1,0,0,7,6,4,30677407,555094,63261,442.3548387,216.0322581,2,2,5
459,United States,USA,NAT_TOTAL,4/4/2021,3,2,2,7,2,1,2,3,3,1,0,0,4,3,1,0,0,7,6,4,30712548,555391,35141,442.3548387,216.0322581,2,2,5
460,United States,USA,NAT_TOTAL,5/4/2021,3,2,2,7,2,1,2,3,3,1,0,0,4,3,1,0,0,7,6,4,30789920,555896,77372,442.3548387,216.0322581,2,2,5
461,United States,USA,NAT_TOTAL,6/4/2021,3,2,2,7,2,1,2,3,3,1,0,0,4,3,1,0,0,7,6,4,30850593,556756,60673,442.3548387,216.0322581,2,2,5
462,United States,USA,NAT_TOTAL,7/4/2021,3,2,2,7,2,1,2,3,3,1,0,0,4,3,1,0,0,7,6,4,30925624,559350,75031,1376.416667,703.9791667,2,2,5
463,United States,USA,NAT_TOTAL,8/4/2021,3,2,2,7,2,1,2,3,3,1,0,0,4,3,1,0,0,7,6,4,31005509,560378,79885,1376.416667,703.9791667,2,2,5
464,United States,USA,NAT_TOTAL,9/4/2021,3,2,2,7,2,1,2,3,3,1,0,0,4,3,1,0,0,7,6,4,31088219,561269,82710,1376.416667,703.9791667,2,2,5
465,United States,USA,NAT_TOTAL,10/4/2021,3,2,2,7,2,1,2,3,3,1,0,0,4,3,1,0,0,7,6,4,31154906,561981,66687,1376.416667,703.9791667,2,2,5
466,United States,USA,NAT_TOTAL,11/4/2021,3,2,2,7,2,1,2,3,3,1,0,0,4,3,1,0,0,7,6,4,31201415,562286,46509,1376.416667,703.9791667,2,2,5
467,United States,USA,NAT_TOTAL,12/4/2021,3,2,2,7,2,1,2,3,3,1,0,0,4,3,1,0,0,7,6,4,31271497,562760,70082,1376.416667,703.9791667,2,2,5
468,United States,USA,NAT_TOTAL,13/4/2021,3,2,2,7,2,1,2,3,3,1,0,0,4,3,1,0,0,7,6,4,31349456,563591,77959,1376.416667,703.9791667,2,2,5
469,United States,USA,NAT_TOTAL,14/4/2021,3,2,2,7,2,1,2,3,3,1,0,0,4,3,1,0,0,7,6,4,31424859,564547,75403,700.943662,315.4647887,2,2,5
470,United States,USA,NAT_TOTAL,15/4/2021,3,2,2,7,2,1,2,3,3,1,0,0,4,3,1,0,0,7,6,4,31499172,565453,74313,700.943662,315.4647887,2,2,5
471,United States,USA,NAT_TOTAL,16/4/2021,3,2,2,7,2,1,2,3,3,1,0,0,4,3,1,0,0,7,6,4,31579238,566332,80066,700.943662,315.4647887,2,2,5
472,United States,USA,NAT_TOTAL,17/4/2021,3,2,2,7,2,1,2,3,3,1,0,0,4,3,1,0,0,7,6,4,31631770,567033,52532,700.943662,315.4647887,2,2,5
473,United States,USA,NAT_TOTAL,18/4/2021,3,2,2,7,2,1,2,3,3,1,0,0,4,3,1,0,0,7,6,4,31673891,567372,42121,700.943662,315.4647887,2,2,5
474,United States,USA,NAT_TOTAL,19/4/2021,3,2,2,7,2,1,2,3,3,1,0,0,4,3,1,0,0,7,8,4,31741996,567869,68105,700.943662,315.4647887,2,2,5
475,United States,USA,NAT_TOTAL,20/4/2021,3,2,2,7,2,1,2,3,3,1,0,0,4,3,1,0,0,7,8,4,31802945,568712,60949,700.943662,315.4647887,2,2,5
476,United States,USA,NAT_TOTAL,21/4/2021,3,2,2,7,2,1,2,3,3,1,0,0,4,3,1,0,0,7,8,4,31865803,569572,62858,828.7592593,242.5185185,2,2,5
477,United States,USA,NAT_TOTAL,22/4/2021,3,2,2,7,2,1,2,3,3,1,0,0,4,3,1,0,0,7,8,4,31933078,570540,67275,828.7592593,242.5185185,2,2,5
478,United States,USA,NAT_TOTAL,23/4/2021,3,2,2,7,2,1,2,3,3,1,0,0,4,3,1,0,0,7,8,4,31995503,571318,62425,828.7592593,242.5185185,2,2,5
479,United States,USA,NAT_TOTAL,24/4/2021,3,2,2,7,2,1,2,3,3,1,0,0,4,3,1,0,0,7,8,4,32048996,572069,53493,828.7592593,242.5185185,2,2,5
480,United States,USA,NAT_TOTAL,25/4/2021,3,2,2,7,2,1,2,3,3,1,0,0,4,3,1,0,0,7,8,4,32081149,572362,32153,828.7592593,242.5185185,2,2,5
481,United States,USA,NAT_TOTAL,26/4/2021,3,2,2,7,2,1,2,3,3,1,0,0,4,3,1,0,0,7,8,4,32128705,572852,47556,828.7592593,242.5185185,2,2,5
482,United States,USA,NAT_TOTAL,27/4/2021,3,2,2,7,2,1,2,3,3,1,0,0,4,3,1,0,0,7,8,4,32179541,573506,50836,828.7592593,242.5185185,2,2,5
483,United States,USA,NAT_TOTAL,28/4/2021,3,2,2,7,2,1,2,3,3,1,0,0,4,3,1,0,0,7,8,4,32234696,574474,55155,859.0263158,208.7105263,2,2,5
484,United States,USA,NAT_TOTAL,29/4/2021,3,2,2,7,2,1,2,3,3,1,0,0,4,3,1,0,0,7,8,4,32292947,575351,58251,859.0263158,208.7105263,2,2,5
485,United States,USA,NAT_TOTAL,30/4/2021,3,2,2,7,2,1,2,3,3,1,0,0,4,3,1,0,0,7,8,4,32350857,576101,57910,859.0263158,208.7105263,2,2,5
486,United States,USA,NAT_TOTAL,1/5/2021,3,2,2,7,2,1,2,3,3,1,0,0,4,3,1,0,0,7,8,4,32396265,576817,45408,859.0263158,208.7105263,2,2,5
487,United States,USA,NAT_TOTAL,2/5/2021,3,2,2,7,2,1,2,3,3,1,0,0,4,3,1,0,0,7,8,4,32425655,577157,29390,859.0263158,208.7105263,2,2,5
488,United States,USA,NAT_TOTAL,3/5/2021,3,2,2,7,2,1,2,3,3,1,0,0,4,3,1,0,0,7,8,4,32476146,577657,50491,859.0263158,208.7105263,2,2,5
489,United States,USA,NAT_TOTAL,4/5/2021,3,2,2,7,2,1,2,3,3,1,0,0,4,3,1,0,0,7,8,4,32516869,578533,40723,859.0263158,208.7105263,2,2,5
490,United States,USA,NAT_TOTAL,5/5/2021,3,2,2,7,2,1,2,3,3,1,0,0,4,3,1,0,0,7,10,4,32561599,579328,44730,351.5,169.3157895,2,2,5
491,United States,USA,NAT_TOTAL,6/5/2021,3,2,2,7,2,1,2,3,3,1,0,0,4,3,1,0,0,7,10,4,32609130,580126,47531,351.5,169.3157895,2,2,5
492,United States,USA,NAT_TOTAL,7/5/2021,3,2,2,7,2,1,2,3,3,1,0,0,4,3,1,0,0,7,10,4,32657317,580885,48187,351.5,169.3157895,2,2,5
493,United States,USA,NAT_TOTAL,8/5/2021,3,2,2,7,2,1,2,3,3,1,0,0,4,3,1,0,0,7,10,4,32690935,581516,33618,351.5,169.3157895,2,2,5
494,United States,USA,NAT_TOTAL,9/5/2021,1,2,2,7,2,2,1,3,2,1,0,0,4,3,1,0,0,7,10,4,32712374,581765,21439,351.5,169.3157895,2,2,5
495,United States,USA,NAT_TOTAL,10/5/2021,1,2,2,7,2,2,1,3,2,1,0,0,4,3,1,0,0,7,10,4,32749160,582177,36786,351.5,169.3157895,2,3,5
496,United States,USA,NAT_TOTAL,11/5/2021,1,2,2,7,2,2,1,3,2,1,0,0,4,3,1,0,0,7,10,4,32782822,582865,33662,351.5,169.3157895,2,3,5
497,United States,USA,NAT_TOTAL,12/5/2021,1,2,2,7,2,2,1,3,2,1,0,0,4,3,1,0,0,7,10,4,32818648,583634,35826,2973.283333,1811.65,2,3,5
498,United States,USA,NAT_TOTAL,13/5/2021,1,2,2,7,2,2,1,3,2,1,0,0,4,3,1,0,0,7,10,4,32856724,584401,38076,2973.283333,1811.65,2,3,5
499,United States,USA,NAT_TOTAL,14/5/2021,1,2,2,7,2,2,1,3,2,1,0,0,4,3,1,0,0,7,10,4,32898982,585058,42258,2973.283333,1811.65,2,3,5
500,United States,USA,NAT_TOTAL,15/5/2021,1,2,2,7,2,2,1,3,2,1,0,0,4,3,1,0,0,7,10,4,32927841,585558,28859,2973.283333,1811.65,2,3,5
501,United States,USA,NAT_TOTAL,16/5/2021,1,2,2,7,2,2,1,3,2,1,0,0,4,3,1,0,0,7,10,4,32944720,585835,16879,2973.283333,1811.65,2,3,5
502,United States,USA,NAT_TOTAL,17/5/2021,1,2,2,7,2,2,1,3,2,1,0,0,4,3,1,0,0,7,10,4,32973341,586231,28621,2973.283333,1811.65,2,3,5
503,United States,USA,NAT_TOTAL,18/5/2021,1,2,2,7,2,2,1,3,2,1,0,0,4,3,1,0,0,7,10,4,33001125,587002,27784,2973.283333,1811.65,2,3,5
504,United States,USA,NAT_TOTAL,19/5/2021,1,2,2,7,2,2,1,3,2,1,0,0,4,3,1,0,0,7,10,4,33030447,587679,29322,884.9482759,195.1896552,2,3,5
505,United States,USA,NAT_TOTAL,20/5/2021,1,2,2,7,2,2,1,3,2,1,0,0,4,3,1,0,0,7,10,4,33060632,588357,30185,884.9482759,195.1896552,2,3,5
506,United States,USA,NAT_TOTAL,21/5/2021,1,2,2,7,2,2,1,3,2,1,0,0,4,3,1,0,0,7,10,4,33088574,588973,27942,884.9482759,195.1896552,2,3,5
507,United States,USA,NAT_TOTAL,22/5/2021,1,2,2,7,2,2,1,3,2,1,0,0,4,3,1,0,0,7,10,4,33108377,589471,19803,884.9482759,195.1896552,2,3,5
508,United States,USA,NAT_TOTAL,23/5/2021,3,1,1,7,1,1,1,3,2,1,0,0,4,3,1,0,0,5,10,3,33121290,589669,12913,884.9482759,195.1896552,2,3,5
509,United States,USA,NAT_TOTAL,24/5/2021,3,1,1,7,1,1,1,3,2,1,0,0,4,3,1,0,0,5,10,3,33147060,590115,25770,884.9482759,195.1896552,2,3,5
510,United States,USA,NAT_TOTAL,25/5/2021,3,1,1,7,1,1,1,3,2,1,0,0,4,3,1,0,0,5,10,3,33169815,590749,22755,884.9482759,195.1896552,2,3,5
511,United States,USA,NAT_TOTAL,26/5/2021,3,1,1,7,1,1,1,3,2,1,0,0,4,3,1,0,0,5,10,3,33193775,591728,23960,264.1212121,101.0606061,2,3,5
512,United States,USA,NAT_TOTAL,27/5/2021,3,1,1,7,1,1,1,3,2,1,0,0,4,3,1,0,0,5,10,3,33221266,593090,27491,264.1212121,101.0606061,2,3,5
513,United States,USA,NAT_TOTAL,28/5/2021,3,1,1,7,1,1,1,3,2,1,0,0,4,3,1,0,0,5,10,3,33243082,593653,21816,264.1212121,101.0606061,2,3,5
514,United States,USA,NAT_TOTAL,29/5/2021,3,1,1,7,1,1,1,3,2,1,0,0,4,3,1,0,0,5,10,3,33255083,593986,12001,264.1212121,101.0606061,2,3,5
515,United States,USA,NAT_TOTAL,30/5/2021,3,1,1,7,1,1,1,3,2,1,0,0,4,3,1,0,0,5,10,3,33261817,594121,6734,264.1212121,101.0606061,2,3,5
516,United States,USA,NAT_TOTAL,31/5/2021,3,1,1,7,1,1,1,3,2,1,0,0,4,3,1,0,0,5,10,3,33267592,594274,5775,264.1212121,101.0606061,2,3,5
517,United States,USA,NAT_TOTAL,1/6/2021,3,1,1,7,1,1,1,3,2,1,0,0,4,3,1,0,0,5,10,3,33290532,594925,22940,264.1212121,101.0606061,2,3,5
518,United States,USA,NAT_TOTAL,2/6/2021,3,1,1,7,1,1,1,3,2,1,0,0,4,3,1,0,0,5,10,3,33307476,595484,16944,408.3125,135.6041667,2,3,5
519,United States,USA,NAT_TOTAL,3/6/2021,3,1,1,7,1,1,1,3,2,1,0,0,4,3,1,0,0,5,10,3,33326577,596103,19101,408.3125,135.6041667,2,3,5
520,United States,USA,NAT_TOTAL,4/6/2021,3,1,1,7,1,1,1,3,2,1,0,0,4,3,1,0,0,5,10,3,33343427,596630,16850,408.3125,135.6041667,2,3,5
521,United States,USA,NAT_TOTAL,5/6/2021,3,1,1,7,1,1,1,3,2,1,0,0,4,3,1,0,0,5,10,3,33357364,597015,13937,408.3125,135.6041667,2,3,5
522,United States,USA,NAT_TOTAL,6/6/2021,3,1,1,7,1,1,1,3,2,1,0,0,4,3,1,0,0,5,10,3,33362759,597187,5395,408.3125,135.6041667,2,3,5
523,United States,USA,NAT_TOTAL,7/6/2021,3,1,1,7,1,1,1,3,2,1,0,0,4,3,1,0,0,5,10,3,33378207,597505,15448,408.3125,135.6041667,2,0,0
524,United States,USA,NAT_TOTAL,8/6/2021,3,1,1,7,1,1,1,3,2,1,0,0,4,3,1,0,0,5,10,3,33391189,597847,12982,408.3125,135.6041667,2,0,0
525,United States,USA,NAT_TOTAL,9/6/2021,3,1,1,7,1,1,1,3,2,1,0,0,4,3,1,0,0,5,10,3,33409836,598298,18647,736.4,185.9272727,2,0,0
526,United States,USA,NAT_TOTAL,10/6/2021,3,1,1,7,1,1,1,3,2,1,0,0,4,3,1,0,0,5,10,3,33424381,598731,14545,736.4,185.9272727,2,0,0
527,United States,USA,NAT_TOTAL,11/6/2021,3,1,1,7,1,1,1,3,2,1,0,0,4,3,1,0,0,5,10,3,33449080,599382,24699,736.4,185.9272727,2,0,0
528,United States,USA,NAT_TOTAL,12/6/2021,3,1,1,7,1,1,1,3,2,1,0,0,4,3,1,0,0,5,10,3,33457308,599676,8228,736.4,185.9272727,2,0,0
529,United States,USA,NAT_TOTAL,13/6/2021,3,1,1,7,1,1,1,3,2,1,0,0,4,3,1,0,0,5,10,3,33462085,599790,4777,736.4,185.9272727,2,0,0
530,United States,USA,NAT_TOTAL,14/6/2021,3,3,3,7,1,1,3,2,2,1,0,0,4,3,1,0,0,5,10,3,33474830,599971,12745,736.4,185.9272727,0,0,0
531,United States,USA,NAT_TOTAL,15/6/2021,3,3,3,7,1,1,3,2,2,1,0,0,4,3,1,0,0,5,10,3,33486132,600292,11302,736.4,185.9272727,0,0,0
532,United States,USA,NAT_TOTAL,16/6/2021,3,3,3,7,1,1,3,2,2,1,0,0,4,3,1,0,0,5,10,3,33498563,600669,12431,762.3157895,177.2631579,0,0,0
533,United States,USA,NAT_TOTAL,17/6/2021,3,3,3,7,1,1,3,2,2,1,0,0,4,3,1,0,0,5,10,3,33508943,600955,10380,762.3157895,177.2631579,0,0,0
534,United States,USA,NAT_TOTAL,18/6/2021,3,3,3,7,1,1,3,2,2,1,0,0,4,3,1,0,0,5,10,3,33529541,601555,20598,762.3157895,177.2631579,0,0,0
535,United States,USA,NAT_TOTAL,19/6/2021,3,3,3,7,1,1,3,2,2,1,0,0,4,3,1,0,0,5,10,3,33538065,601728,8524,762.3157895,177.2631579,0,0,0
536,United States,USA,NAT_TOTAL,20/6/2021,3,3,3,7,1,1,3,2,2,1,0,0,4,3,1,0,0,5,10,3,33541957,601817,3892,762.3157895,177.2631579,0,0,0
537,United States,USA,NAT_TOTAL,21/6/2021,3,3,3,7,1,1,3,3,2,1,0,0,4,3,1,0,0,5,10,3,33554277,602094,12320,762.3157895,177.2631579,0,0,0
538,United States,USA,NAT_TOTAL,22/6/2021,3,3,3,7,1,1,3,3,2,1,0,0,4,3,1,0,0,5,10,3,33565253,602422,10976,762.3157895,177.2631579,0,0,0
539,United States,USA,NAT_TOTAL,23/6/2021,3,3,3,7,1,1,3,3,2,1,0,0,4,3,1,0,0,5,10,3,33577698,602803,12445,619.2564103,204.3846154,0,0,0
540,United States,USA,NAT_TOTAL,24/6/2021,3,3,3,7,1,1,3,3,2,1,0,0,4,3,1,0,0,5,10,3,33590544,603148,12846,619.2564103,204.3846154,0,0,0
541,United States,USA,NAT_TOTAL,25/6/2021,3,3,3,7,1,1,3,3,2,1,0,0,4,3,1,0,0,5,10,3,33614200,603646,23656,619.2564103,204.3846154,0,0,0
542,United States,USA,NAT_TOTAL,26/6/2021,3,3,3,7,1,1,3,3,2,1,0,0,4,3,1,0,0,5,10,3,33621508,603797,7308,619.2564103,204.3846154,0,0,0
543,United States,USA,NAT_TOTAL,27/6/2021,3,3,3,7,1,1,3,3,2,1,0,0,4,3,1,0,0,5,10,3,33625428,603874,3920,619.2564103,204.3846154,0,0,0
544,United States,USA,NAT_TOTAL,28/6/2021,3,3,3,7,1,1,3,3,2,1,0,0,4,3,1,0,0,5,10,3,33640513,604029,15085,619.2564103,204.3846154,0,0,0
545,United States,USA,NAT_TOTAL,29/6/2021,3,3,3,7,1,1,3,3,2,1,0,0,4,3,1,0,0,5,10,5,33651852,604347,11339,619.2564103,204.3846154,0,0,0
546,United States,USA,NAT_TOTAL,30/6/2021,3,3,3,7,1,1,3,3,2,1,0,0,4,3,1,0,0,5,10,5,33664991,604598,13139,896.2307692,189.4102564,0,0,0
547,United States,USA,NAT_TOTAL,1/7/2021,3,3,3,7,1,1,3,3,2,1,0,0,4,3,1,0,0,5,10,5,33679433,604908,14442,896.2307692,189.4102564,0,0,0
548,United States,USA,NAT_TOTAL,2/7/2021,3,3,3,7,1,1,3,3,2,1,0,0,4,3,1,0,0,5,10,5,33709332,605384,29899,896.2307692,189.4102564,0,0,0
549,United States,USA,NAT_TOTAL,3/7/2021,3,3,3,7,1,1,3,3,2,1,0,0,4,3,1,0,0,5,10,5,33714085,605466,4753,896.2307692,189.4102564,0,0,0
550,United States,USA,NAT_TOTAL,4/7/2021,3,3,3,7,1,1,3,3,2,1,0,0,4,3,1,0,0,5,10,5,33717782,605503,3697,896.2307692,189.4102564,0,0,0
551,United States,USA,NAT_TOTAL,5/7/2021,3,3,3,7,1,1,3,3,2,1,0,0,4,3,1,0,0,5,10,5,33723310,605554,5528,896.2307692,189.4102564,0,0,0
552,United States,USA,NAT_TOTAL,6/7/2021,3,3,3,7,1,1,3,3,2,1,0,0,4,3,1,0,0,5,10,5,33747561,605895,24251,896.2307692,189.4102564,0,0,0
553,United States,USA,NAT_TOTAL,7/7/2021,3,3,3,7,1,1,3,3,2,1,0,0,4,3,1,0,0,5,10,5,33770445,606190,22884,629.902439,162.195122,0,0,0
554,United States,USA,NAT_TOTAL,8/7/2021,3,1,1,5,1,1,3,3,2,1,0,0,4,3,1,0,0,5,10,5,33790521,606450,20076,629.902439,162.195122,0,0,0
555,United States,USA,NAT_TOTAL,9/7/2021,3,1,1,5,1,1,3,3,2,1,0,0,4,3,1,0,0,5,10,5,33838748,606957,48227,629.902439,162.195122,0,0,0
556,United States,USA,NAT_TOTAL,10/7/2021,3,1,1,5,1,1,3,3,2,1,0,0,4,3,1,0,0,5,10,5,33847814,607097,9066,629.902439,162.195122,0,0,0
557,United States,USA,NAT_TOTAL,11/7/2021,3,1,1,5,1,1,3,3,2,1,0,0,4,3,1,0,0,5,10,5,33853978,607128,6164,629.902439,162.195122,0,0,0
558,United States,USA,NAT_TOTAL,12/7/2021,3,1,1,5,1,1,3,3,2,1,0,0,4,3,1,0,0,5,10,5,33888973,607374,34995,629.902439,162.195122,0,0,0
559,United States,USA,NAT_TOTAL,13/7/2021,3,1,1,5,1,1,3,3,2,1,0,0,4,3,1,0,0,5,10,5,33915415,607732,26442,629.902439,162.195122,0,0,0
560,United States,USA,NAT_TOTAL,14/7/2021,3,1,1,5,1,1,3,3,2,1,0,0,4,3,1,0,0,5,10,5,33947295,608067,31880,840.9756098,261.3170732,0,0,0
561,United States,USA,NAT_TOTAL,15/7/2021,3,1,1,5,1,1,3,3,2,1,0,0,4,3,1,0,0,5,10,5,33975646,608353,28351,840.9756098,261.3170732,0,0,0
562,United States,USA,NAT_TOTAL,16/7/2021,3,1,1,5,1,1,3,3,2,1,0,0,4,3,1,0,0,5,10,5,34054956,608749,79310,840.9756098,261.3170732,0,0,0
563,United States,USA,NAT_TOTAL,17/7/2021,3,1,1,5,1,1,3,3,2,1,0,0,4,3,1,0,0,5,10,5,34067942,608823,12986,840.9756098,261.3170732,0,0,0
564,United States,USA,NAT_TOTAL,18/7/2021,3,1,1,5,1,1,3,3,2,1,0,0,4,3,1,0,0,5,10,5,34079990,608964,12048,840.9756098,261.3170732,0,0,0
565,United States,USA,NAT_TOTAL,19/7/2021,3,1,1,5,1,1,3,3,2,1,0,0,4,3,1,0,0,5,10,5,34132075,609182,52085,840.9756098,261.3170732,0,0,0
566,United States,USA,NAT_TOTAL,20/7/2021,3,1,1,5,1,1,3,3,2,1,0,0,4,3,1,0,0,5,10,5,34174779,609475,42704,840.9756098,261.3170732,0,0,0
567,United States,USA,NAT_TOTAL,21/7/2021,3,1,1,5,1,1,3,3,2,1,0,0,4,3,1,0,0,5,10,5,34226811,609814,52032,1077.891892,623.2432432,0,0,0
568,United States,USA,NAT_TOTAL,22/7/2021,3,1,1,5,1,1,3,3,2,1,0,0,4,3,1,0,0,5,10,5,34283653,610146,56842,1077.891892,623.2432432,0,0,0
569,United States,USA,NAT_TOTAL,23/7/2021,3,1,1,5,1,1,3,3,2,1,0,0,4,3,1,0,0,5,10,5,34402811,610676,119158,1077.891892,623.2432432,0,0,0
570,United States,USA,NAT_TOTAL,24/7/2021,3,1,1,5,1,1,3,3,2,1,0,0,4,3,1,0,0,5,10,5,34430613,610797,27802,1077.891892,623.2432432,0,0,0
571,United States,USA,NAT_TOTAL,25/7/2021,3,1,1,5,1,1,3,3,2,1,0,0,4,3,1,0,0,5,10,5,34443826,610843,13213,1077.891892,623.2432432,0,0,0
572,United States,USA,NAT_TOTAL,26/7/2021,3,1,1,5,1,1,3,3,2,1,0,0,4,3,1,0,0,5,10,3,34533186,611121,89360,1077.891892,623.2432432,0,0,0
573,United States,USA,NAT_TOTAL,27/7/2021,3,1,1,5,1,1,3,3,2,1,0,0,4,3,1,0,0,5,10,3,34603926,611565,70740,1077.891892,623.2432432,0,0,0
574,United States,USA,NAT_TOTAL,28/7/2021,3,1,1,5,1,1,3,3,2,1,0,0,4,3,1,0,0,5,10,3,34672697,611956,68771,1076.891304,639.5652174,0,0,0
575,United States,USA,NAT_TOTAL,29/7/2021,3,1,1,5,1,1,3,3,2,1,0,0,4,3,1,0,0,5,10,3,34750867,612283,78170,1076.891304,639.5652174,0,0,0
576,United States,USA,NAT_TOTAL,30/7/2021,3,1,1,5,1,1,3,3,2,1,0,0,4,3,1,0,0,5,10,3,34945475,613179,194608,1076.891304,639.5652174,0,0,0
577,United States,USA,NAT_TOTAL,31/7/2021,3,1,1,5,1,1,3,3,2,1,0,0,4,3,1,0,0,5,10,3,34978283,613334,32808,1076.891304,639.5652174,0,0,0
578,United States,USA,NAT_TOTAL,1/8/2021,3,1,1,5,1,1,3,3,2,0,0,0,4,3,1,0,0,5,10,3,35003424,613412,25141,1076.891304,639.5652174,0,0,0
579,United States,USA,NAT_TOTAL,2/8/2021,3,1,1,5,1,1,3,3,2,0,0,0,4,3,1,0,0,5,10,3,35131406,613873,127982,1076.891304,639.5652174,0,0,0
580,United States,USA,NAT_TOTAL,3/8/2021,3,1,1,5,1,1,3,3,2,1,0,0,4,3,1,0,0,5,10,3,35237965,614462,106559,1076.891304,639.5652174,0,0,0
581,United States,USA,NAT_TOTAL,4/8/2021,3,1,1,5,1,1,3,3,2,1,0,0,4,3,1,0,0,5,10,3,35330679,614959,92714,607.0204082,356.3673469,0,0,0
582,United States,USA,NAT_TOTAL,5/8/2021,3,1,1,5,1,1,3,3,2,1,0,0,4,3,1,0,0,5,10,3,35440503,615503,109824,607.0204082,356.3673469,0,0,0
583,United States,USA,NAT_TOTAL,6/8/2021,3,1,1,5,1,1,3,3,2,1,0,0,4,3,1,0,0,5,10,3,35695484,616660,254981,607.0204082,356.3673469,0,0,0
584,United States,USA,NAT_TOTAL,7/8/2021,3,1,1,5,1,1,3,3,2,1,0,0,4,3,1,0,0,5,10,3,35739574,616892,44090,607.0204082,356.3673469,0,0,0
585,United States,USA,NAT_TOTAL,8/8/2021,3,1,1,5,1,1,3,3,2,1,0,0,4,3,1,0,0,5,10,3,35763808,617020,24234,607.0204082,356.3673469,0,0,0
586,United States,USA,NAT_TOTAL,9/8/2021,3,1,1,5,1,1,3,3,2,1,0,0,4,3,1,0,0,5,10,3,35948284,617528,184476,607.0204082,356.3673469,0,0,0
587,United States,USA,NAT_TOTAL,10/8/2021,3,3,1,7,1,1,3,3,2,1,0,0,4,3,1,0,0,5,10,3,36071365,618810,123081,607.0204082,356.3673469,0,0,0
588,United States,USA,NAT_TOTAL,11/8/2021,3,3,1,7,1,1,3,3,2,1,0,0,4,3,1,0,0,5,10,3,36228034,619167,156669,461.4615385,351.1730769,0,0,0
589,United States,USA,NAT_TOTAL,12/8/2021,3,3,1,7,1,1,3,3,2,1,0,0,4,3,1,0,0,5,10,3,36365312,620158,137278,461.4615385,351.1730769,0,0,0
590,United States,USA,NAT_TOTAL,13/8/2021,3,3,1,7,1,1,3,3,2,1,0,0,4,3,1,0,0,5,10,3,36597592,621229,232280,461.4615385,351.1730769,0,0,0
591,United States,USA,NAT_TOTAL,14/8/2021,3,3,1,7,1,1,3,3,2,1,0,0,4,3,1,0,0,5,10,3,36642252,621483,44660,461.4615385,351.1730769,0,0,0
592,United States,USA,NAT_TOTAL,15/8/2021,3,3,1,7,1,1,3,3,2,1,0,0,4,3,1,0,0,5,10,3,36680734,621663,38482,461.4615385,351.1730769,0,0,0
593,United States,USA,NAT_TOTAL,16/8/2021,3,3,1,7,1,1,3,3,2,1,0,0,4,3,1,0,0,5,10,3,36903613,622726,222879,461.4615385,351.1730769,0,0,0
594,United States,USA,NAT_TOTAL,17/8/2021,3,3,1,7,1,1,3,3,2,1,0,0,4,3,1,0,0,5,10,3,37055944,623720,152331,461.4615385,351.1730769,0,0,0
595,United States,USA,NAT_TOTAL,18/8/2021,3,3,1,7,1,1,3,3,2,1,0,0,4,3,1,0,0,5,10,3,37213390,624895,157446,2772.271605,2040.950617,0,0,0
596,United States,USA,NAT_TOTAL,19/8/2021,3,3,1,7,1,1,3,3,2,1,0,0,4,3,1,0,0,5,10,3,37367449,626623,154059,2772.271605,2040.950617,0,0,0
597,United States,USA,NAT_TOTAL,20/8/2021,3,3,1,7,1,1,3,3,2,1,0,0,4,3,1,0,0,5,10,3,37613673,628110,246224,2772.271605,2040.950617,0,0,0
598,United States,USA,NAT_TOTAL,21/8/2021,3,3,1,7,1,1,3,3,2,1,0,0,4,3,1,0,0,5,10,3,37678551,628626,64878,2772.271605,2040.950617,0,0,0
599,United States,USA,NAT_TOTAL,22/8/2021,3,3,1,7,1,1,3,3,2,1,0,0,4,3,1,0,0,5,10,3,37712048,628816,33497,2772.271605,2040.950617,0,0,0
600,United States,USA,NAT_TOTAL,23/8/2021,3,3,1,7,1,1,3,3,2,1,0,0,4,3,1,0,0,5,10,3,37953123,630200,241075,2772.271605,2040.950617,0,0,0
601,United States,USA,NAT_TOTAL,24/8/2021,3,3,1,7,1,1,3,3,2,1,0,0,4,3,1,0,0,5,10,3,38111933,631591,158810,2772.271605,2040.950617,0,0,0
602,United States,USA,NAT_TOTAL,25/8/2021,3,3,1,7,1,1,3,3,2,1,0,0,4,3,1,0,0,5,10,3,38281730,633073,169797,534.9361702,187.3617021,0,0,0
603,United States,USA,NAT_TOTAL,26/8/2021,3,3,1,7,1,1,3,3,2,1,0,0,4,3,1,0,0,5,10,3,38464829,635279,183099,534.9361702,187.3617021,0,0,0
604,United States,USA,NAT_TOTAL,27/8/2021,3,3,1,7,1,1,3,3,2,1,0,0,4,3,1,0,0,5,10,3,38707343,636995,242514,534.9361702,187.3617021,0,0,0
605,United States,USA,NAT_TOTAL,28/8/2021,3,3,1,7,1,1,3,3,2,1,0,0,4,3,1,0,0,5,10,3,38763057,637544,55714,534.9361702,187.3617021,0,0,0
606,United States,USA,NAT_TOTAL,29/8/2021,3,3,1,7,1,1,3,3,2,1,0,0,4,3,1,0,0,5,10,3,38801532,637840,38475,534.9361702,187.3617021,0,0,0
607,United States,USA,NAT_TOTAL,30/8/2021,3,1,3,7,1,1,3,3,2,1,0,0,4,3,1,0,0,5,10,3,39068666,639597,267134,534.9361702,187.3617021,0,0,0
608,United States,USA,NAT_TOTAL,31/8/2021,3,1,3,7,1,1,3,3,2,1,0,0,4,3,1,0,0,5,10,3,39230001,640946,161335,534.9361702,187.3617021,0,0,0
609,United States,USA,NAT_TOTAL,1/9/2021,3,1,3,7,1,1,3,3,2,1,0,0,4,3,1,0,0,5,10,3,39442409,642940,212408,283.3513514,152.2432432,0,0,0
610,United States,USA,NAT_TOTAL,2/9/2021,3,1,3,7,1,1,3,3,2,1,0,0,4,3,1,0,0,5,10,3,39617275,645869,174866,283.3513514,152.2432432,0,0,0
611,United States,USA,NAT_TOTAL,3/9/2021,3,1,3,7,1,1,3,3,2,1,0,0,4,3,1,0,0,5,10,3,39850260,647776,232985,283.3513514,152.2432432,0,0,0
612,United States,USA,NAT_TOTAL,4/9/2021,3,1,3,7,1,1,3,3,2,1,0,0,4,3,1,0,0,5,10,3,39909618,648307,59358,283.3513514,152.2432432,0,0,0
613,United States,USA,NAT_TOTAL,5/9/2021,3,1,3,7,1,1,3,3,0,1,0,0,4,3,1,0,0,5,10,3,39948179,648672,38561,283.3513514,152.2432432,0,0,0
614,United States,USA,NAT_TOTAL,6/9/2021,3,1,3,7,1,1,3,3,0,1,0,0,4,3,1,0,0,5,10,3,40021505,649203,73326,283.3513514,152.2432432,0,0,0
